trial0choice,trial1choice,trial2choice,trial3choice,trial4choice,trial5choice,trial6choice,trial7choice,trial8choice,trial9choice,trial10choice,trial11choice,trial12choice,trial13choice,trial14choice,trial15choice,trial16choice,trial17choice,trial18choice,trial19choice,trial20choice,trial21choice,trial22choice,trial23choice,trial24choice,trial25choice,trial26choice,trial27choice,trial28choice,trial29choice,trial30choice,trial31choice,trial32choice,trial33choice,trial34choice,trial35choice,trial36choice,trial37choice,trial38choice,trial39choice,trial40choice,trial41choice,trial42choice,trial43choice,trial44choice,trial45choice,trial46choice,trial47choice,trial48choice,trial49choice
0,0,1,0,5,1,1,3,4,2,4,4,4,5,1,0,3,0,4,0,1,2,4,3,3,2,0,0,0,0,0,0,0,0,0,0,0,0,2,0,0,0,0,0,0,0,0,0,0,0
5,5,5,4,4,2,0,2,2,4,4,4,5,3,2,1,3,3,3,0,2,3,3,3,3,1,3,3,3,3,3,3,3,3,3,3,3,3,3,3,3,3,3,3,3,3,3,3,3,3
4,4,4,5,4,4,4,4,4,4,4,4,4,4,4,4,4,4,4,4,4,4,4,4,4,4,4,4,4,4,4,4,5,4,4,4,4,4,5,4,4,4,4,4,4,4,4,4,4,4
3,5,5,5,5,4,5,5,3,2,2,3,4,0,2,3,4,2,3,1,3,4,0,1,5,0,5,5,5,1,5,5,3,2,5,5,1,5,5,5,4,5,5,5,5,5,5,5,5,5
0,4,4,4,4,4,1,2,2,2,1,0,2,3,2,3,1,4,3,3,4,3,0,2,4,4,4,0,4,4,4,5,1,4,4,4,4,4,4,4,4,4,4,4,4,4,2,4,4,4
4,4,1,1,1,1,5,1,0,1,1,3,3,4,5,2,1,5,1,4,1,1,5,4,3,2,3,1,1,1,1,1,1,1,1,1,1,1,1,1,1,1,1,1,1,1,1,1,1,1
0,0,0,0,4,5,5,4,0,4,4,4,4,4,3,1,4,4,4,4,4,4,4,4,4,4,5,4,4,4,4,4,4,4,3,4,4,4,4,4,4,4,4,4,4,4,4,4,4,4
3,3,3,0,3,3,2,3,1,3,3,2,3,0,0,0,1,2,4,4,1,1,1,4,4,4,2,5,3,3,0,1,3,3,3,3,3,2,3,3,3,3,3,3,3,3,3,3,3,3
0,0,0,1,1,5,5,5,5,5,5,5,5,5,5,5,0,4,5,5,5,5,5,5,5,5,5,5,5,5,5,5,5,5,5,5,5,5,5,5,5,3,5,5,5,4,5,5,5,5
2,2,2,5,3,1,3,3,3,3,3,3,3,0,3,3,3,3,3,3,3,3,3,3,3,3,3,3,3,3,3,3,3,3,3,3,3,3,3,3,3,3,3,3,3,3,3,3,3,3
3,3,2,4,0,1,5,5,5,5,4,5,5,1,5,5,2,5,5,5,5,5,5,5,5,3,5,5,5,5,5,5,5,5,5,5,5,5,5,5,5,5,5,5,5,5,5,5,5,5
5,5,2,1,0,0,0,0,2,2,5,3,4,2,3,3,3,3,3,3,3,3,3,3,3,3,3,0,3,3,3,3,3,3,3,3,4,3,3,3,3,3,3,3,3,3,3,3,3,3
4,1,4,1,0,0,1,0,1,1,3,0,2,4,2,2,2,3,3,1,4,5,3,3,2,2,1,1,1,1,1,2,1,1,1,1,1,1,1,2,1,1,1,1,1,1,2,5,1,1
4,0,2,1,1,3,1,1,1,5,5,5,5,4,3,1,4,5,0,4,5,5,0,2,1,3,1,1,1,1,1,1,1,1,1,1,1,1,1,1,1,0,1,1,1,1,1,1,1,1
2,2,1,1,1,2,5,2,0,5,2,2,4,4,4,4,0,0,4,1,1,2,1,3,3,3,2,2,2,2,2,2,0,2,2,2,2,2,2,2,2,2,2,2,2,2,2,2,2,2
4,3,5,1,5,0,0,0,0,0,0,4,5,3,1,2,0,4,2,0,0,5,1,5,1,0,0,0,0,0,0,0,0,0,0,0,0,0,0,0,0,0,0,0,0,0,0,0,0,0
0,0,0,1,2,2,3,5,4,2,2,5,1,1,0,0,0,2,3,2,5,5,2,1,5,1,2,2,2,2,2,2,2,2,2,2,2,2,2,2,2,1,2,2,2,2,2,2,2,2
4,0,0,1,1,1,5,0,2,2,0,4,1,3,2,1,1,0,0,0,2,2,0,5,3,1,0,0,0,0,0,0,0,0,0,0,1,0,0,0,0,0,0,0,0,0,0,0,0,0
4,4,5,4,2,5,5,5,5,5,5,5,5,5,2,1,2,0,3,0,1,3,1,1,0,0,5,0,5,5,5,5,1,5,5,0,5,5,5,5,5,2,5,2,5,1,0,5,5,5
2,2,0,0,0,1,5,1,1,5,3,1,2,2,2,5,3,3,3,3,0,0,5,4,1,3,3,3,3,3,3,3,3,3,3,3,3,3,3,3,3,3,1,3,3,0,3,3,3,1
4,4,5,3,4,4,4,5,5,4,0,2,0,1,5,2,3,4,5,5,1,5,0,0,5,1,5,5,5,5,5,5,5,5,5,5,4,0,5,5,5,5,5,5,5,5,5,5,5,5
5,2,2,0,2,2,1,3,5,3,3,2,4,1,5,4,4,4,1,1,5,0,4,2,0,0,2,2,2,2,2,2,2,2,2,2,2,2,2,2,2,2,2,2,2,2,2,2,0,2
0,4,2,5,2,3,2,1,2,2,0,2,3,2,0,3,5,0,3,3,0,5,0,5,0,1,0,0,0,4,0,0,0,0,0,2,0,0,0,0,0,0,0,0,0,0,0,0,0,0
2,2,2,2,2,2,1,0,0,3,5,4,4,5,0,0,4,1,2,0,0,0,0,1,2,1,0,0,0,0,0,0,0,0,0,0,3,0,0,1,4,0,0,0,0,0,1,0,0,0
2,2,2,4,0,3,3,5,0,3,4,4,4,3,4,1,4,3,1,2,2,5,4,0,3,2,4,4,4,4,4,4,4,4,4,4,5,4,4,4,4,4,4,4,4,4,4,4,4,4
4,5,2,4,0,1,5,5,3,5,1,0,2,1,3,1,1,3,0,2,3,3,3,3,3,3,3,3,2,3,3,3,3,3,5,3,3,3,3,5,3,3,3,3,3,3,3,3,3,3
2,0,2,2,3,3,1,1,1,1,3,1,1,1,1,1,1,1,1,1,1,1,1,1,1,1,0,1,1,1,1,5,2,1,1,1,1,1,1,1,1,1,1,1,1,1,1,1,0,1
1,4,4,4,4,4,2,0,2,1,0,0,0,0,0,0,0,0,4,0,0,0,1,0,0,0,0,0,0,0,0,0,0,0,5,0,0,0,0,0,0,0,0,0,4,0,0,0,0,0
5,0,0,4,4,4,4,4,4,4,2,2,5,3,5,3,3,1,5,3,5,3,2,3,4,5,4,4,4,0,4,4,4,4,4,0,4,4,4,4,4,4,4,4,4,4,4,4,2,0
4,4,4,5,5,5,5,0,5,5,5,5,5,5,5,5,5,2,5,5,5,3,3,4,3,3,5,2,5,5,5,5,5,5,5,5,1,4,5,5,5,1,5,5,5,5,5,5,5,5
0,3,2,4,5,1,2,1,5,4,1,3,1,0,1,3,3,4,0,0,2,2,4,4,0,0,0,0,0,4,3,0,0,0,0,0,0,0,0,2,4,0,0,0,0,0,0,0,0,0
0,1,5,5,5,5,5,5,3,0,3,1,1,0,1,0,4,2,3,1,1,2,5,1,4,1,1,1,1,1,1,1,1,1,1,1,1,1,0,1,1,1,1,1,5,3,1,1,1,1
4,4,4,4,4,2,5,4,3,5,2,2,2,0,0,4,1,1,0,5,2,5,3,2,2,2,2,2,1,1,2,2,2,3,2,2,2,2,2,2,2,2,3,2,2,2,2,2,2,2
0,0,0,4,2,2,1,4,5,2,1,2,0,2,3,4,5,4,0,2,3,4,4,1,5,4,4,4,4,1,4,4,5,4,4,4,4,4,4,4,4,4,4,4,4,4,4,5,4,4
4,0,2,1,1,1,1,5,1,1,0,4,4,2,5,5,2,4,0,0,4,3,1,0,1,1,1,1,1,1,1,1,1,1,1,1,1,1,1,1,1,1,1,1,1,1,1,1,1,1
5,5,5,4,5,4,0,1,3,3,4,0,0,5,3,5,4,3,3,4,3,3,4,0,2,4,3,3,3,3,4,3,3,3,3,3,3,3,5,2,3,3,3,3,3,3,4,3,3,3
3,5,5,5,5,4,1,3,4,0,2,5,0,3,4,2,4,3,3,2,1,3,5,2,1,5,5,4,5,5,5,5,5,5,5,2,5,5,5,5,5,5,5,5,5,5,5,5,5,5
0,0,0,3,0,0,3,3,3,3,2,3,3,3,3,3,4,1,4,0,2,4,3,5,3,3,3,3,3,3,3,3,3,3,3,3,3,3,3,3,3,3,3,3,3,3,3,3,3,3
2,1,1,1,5,3,0,3,3,5,3,1,3,1,5,5,4,5,3,5,5,0,2,0,0,0,5,5,5,5,1,5,5,5,5,5,5,4,5,5,5,5,5,5,5,5,5,5,4,5
4,4,4,4,4,2,1,3,1,1,1,3,2,0,4,2,1,1,3,2,3,0,4,3,5,5,4,4,4,4,4,1,4,4,4,4,4,4,4,4,4,4,4,4,4,4,4,4,4,4
1,1,1,1,1,1,1,1,1,1,1,1,1,1,1,1,1,1,1,1,1,1,1,1,1,1,1,1,1,1,1,1,1,2,1,1,1,1,1,5,1,1,1,1,1,1,5,1,1,1
0,2,0,3,3,3,3,3,3,3,3,3,3,3,3,3,4,3,3,4,0,1,0,1,4,1,3,0,3,4,3,3,3,3,3,3,3,3,3,3,3,3,3,3,3,2,3,3,3,3
5,5,4,2,4,1,1,1,1,1,1,1,1,5,0,1,2,3,1,1,1,1,0,5,2,4,1,1,1,1,2,1,1,1,1,1,1,1,1,2,1,1,4,1,1,1,1,1,4,1
0,1,5,5,4,4,4,5,4,4,4,4,4,4,4,3,4,4,4,4,4,4,4,4,4,4,4,4,4,4,4,4,4,4,4,4,4,4,4,4,4,4,4,4,4,4,4,4,4,4
0,0,0,3,0,0,0,0,0,0,0,0,0,0,0,0,0,0,0,0,2,1,0,0,0,0,0,0,0,0,0,0,0,0,0,0,0,0,0,0,0,0,0,0,0,0,4,0,3,0
3,2,2,5,5,1,0,0,4,5,0,0,0,5,5,0,1,4,5,3,1,1,5,2,0,1,0,0,0,0,0,0,3,0,0,0,0,0,0,0,0,0,0,0,2,0,0,0,0,0
1,1,2,1,0,4,1,1,1,2,4,1,2,4,5,5,2,2,5,5,2,2,4,5,5,4,1,2,1,1,0,1,1,1,1,1,5,1,1,1,2,1,1,1,1,1,1,1,1,1
1,3,0,0,4,3,5,5,4,0,0,5,1,0,4,5,4,5,5,2,0,4,5,0,2,3,0,0,0,0,0,0,0,0,0,0,3,0,0,4,0,0,0,0,0,0,0,0,0,0
5,4,1,5,3,0,0,0,0,3,3,5,4,2,5,5,3,1,5,0,3,3,4,5,1,5,5,5,5,5,3,3,5,5,5,5,5,5,5,5,5,5,5,5,5,5,5,5,5,5
0,0,0,0,0,0,0,0,0,0,0,0,0,0,0,0,1,1,0,2,0,0,1,2,0,4,0,0,1,0,0,5,0,0,0,0,2,0,0,0,0,0,0,0,0,0,0,0,4,4
5,1,1,0,2,2,3,3,3,3,0,3,4,2,2,5,4,1,1,0,5,3,1,0,5,0,0,0,0,2,0,0,0,2,0,0,0,0,0,3,0,0,0,0,0,0,0,4,0,0
4,4,0,5,0,0,0,1,0,3,1,4,3,2,2,0,1,5,3,5,5,0,3,3,3,3,3,3,3,3,3,3,3,3,3,3,3,3,5,3,3,3,3,3,3,3,3,3,1,3
2,1,1,4,4,0,0,0,4,4,0,3,3,1,3,3,3,3,3,3,3,3,3,3,3,3,3,1,3,3,3,3,3,3,3,3,3,3,3,3,2,3,5,3,3,3,3,3,3,3
4,0,1,5,5,5,5,5,5,5,5,3,2,3,5,0,0,3,2,2,4,1,0,1,3,1,5,5,5,5,0,5,5,5,5,5,0,5,5,5,0,5,5,5,4,5,5,5,5,5
3,0,5,2,1,1,4,5,4,5,4,4,4,4,4,4,4,4,4,1,1,1,0,1,1,1,4,4,4,4,4,4,4,4,4,4,4,4,4,4,4,1,4,4,4,4,4,4,4,4
2,2,2,2,3,5,0,0,2,5,5,1,3,3,4,2,5,4,3,1,5,4,1,4,4,3,3,5,3,3,3,3,3,3,3,3,3,3,3,3,3,3,3,3,3,3,3,3,3,0
3,3,3,3,3,3,3,3,3,3,3,2,3,3,3,3,3,3,3,3,3,3,3,2,3,3,3,3,3,3,4,3,3,3,3,5,3,3,3,3,3,3,3,3,3,3,3,3,3,3
4,4,3,4,4,4,5,3,5,1,1,0,2,4,4,4,4,4,4,4,4,4,3,4,4,4,4,4,4,4,2,4,4,4,5,4,4,4,4,4,4,5,4,0,4,4,4,4,4,4
5,0,1,1,1,5,1,1,1,1,1,1,1,1,1,1,1,3,1,1,1,1,1,1,1,1,1,1,1,1,1,1,1,1,1,1,1,1,1,2,1,1,1,1,1,1,1,1,5,1
2,2,2,5,1,1,1,1,1,1,1,1,5,1,1,1,1,1,1,1,1,1,1,1,1,1,1,1,1,1,1,1,1,1,1,1,1,1,0,1,1,1,5,1,1,1,1,1,1,1
3,5,0,3,4,2,2,1,2,2,2,3,1,4,1,1,5,0,4,0,1,1,3,1,4,0,1,1,1,1,1,1,1,1,1,1,1,1,1,5,1,1,1,1,1,1,1,1,1,1
4,4,3,4,0,3,2,2,4,0,5,3,2,5,4,2,5,3,3,0,4,2,2,0,5,4,1,4,4,1,4,4,4,4,4,4,4,4,4,4,4,4,4,4,4,4,4,4,4,4
0,0,0,0,2,3,4,3,1,2,2,1,5,3,4,4,0,4,0,2,4,5,5,1,5,2,0,0,0,0,0,0,0,0,0,0,2,0,0,0,0,0,0,0,0,0,0,0,0,0
1,0,0,2,5,5,5,0,5,2,1,4,5,2,1,1,0,1,2,3,3,5,5,2,3,4,5,5,5,5,5,5,5,5,5,5,5,5,5,5,5,2,5,5,5,5,5,5,5,5
1,3,5,5,4,4,0,4,3,1,0,2,2,2,2,2,2,5,2,2,2,2,2,2,2,1,2,2,2,2,2,2,2,2,2,2,2,2,2,2,4,2,2,2,0,2,2,2,2,3
4,4,1,0,0,0,0,0,0,0,0,0,0,0,0,0,0,0,0,0,0,0,0,5,0,0,0,0,0,4,0,0,0,0,0,0,0,0,0,0,0,0,0,0,0,0,0,0,4,0
4,4,4,3,4,4,4,4,4,4,1,4,4,4,4,3,4,4,4,4,4,4,4,4,4,4,4,4,4,4,4,4,4,4,4,4,4,4,4,4,4,4,4,4,4,4,4,4,4,0
5,5,5,5,5,5,5,3,0,3,1,3,1,4,3,3,4,2,0,5,1,3,4,0,0,5,5,5,5,5,5,5,5,5,5,5,5,5,5,5,5,5,5,0,5,0,5,5,5,5
4,4,4,4,4,5,5,2,0,4,2,3,3,5,5,2,2,2,5,5,3,2,2,2,0,4,2,2,2,2,2,2,2,4,1,2,2,2,2,2,2,3,2,2,2,2,2,2,2,5
5,3,5,0,0,0,1,3,4,5,5,1,2,2,0,4,2,1,1,5,3,3,0,1,5,5,5,0,5,5,5,5,5,5,5,5,5,5,5,5,5,5,5,5,5,5,3,5,2,5
4,3,3,5,1,5,0,0,0,3,5,5,3,1,4,1,4,5,3,1,4,4,5,4,4,1,4,4,4,4,4,4,5,4,3,4,4,4,2,4,4,4,4,4,4,4,4,4,4,4
1,1,3,4,3,3,1,3,0,2,5,1,3,5,4,4,1,1,4,2,5,3,3,3,2,0,3,3,3,4,3,3,3,2,3,5,3,4,3,3,3,3,3,3,3,3,3,3,3,3
0,0,5,1,5,5,5,5,5,5,5,2,0,0,0,3,0,5,3,4,4,5,1,3,1,2,3,5,5,0,5,5,5,1,5,5,5,5,5,5,5,5,5,5,5,5,5,5,5,4
5,5,4,4,4,5,4,5,2,4,1,1,2,4,2,5,4,2,1,1,5,2,4,3,2,2,4,4,4,1,4,4,4,4,4,4,4,4,4,4,4,4,4,4,4,4,4,4,4,4
3,3,3,2,0,4,0,4,4,1,2,0,3,0,3,5,0,1,0,4,3,2,3,0,5,3,3,3,3,3,3,3,3,3,3,3,3,3,3,3,3,3,3,3,3,3,3,3,3,3
1,1,0,0,0,1,5,5,1,3,0,4,4,5,3,3,5,2,0,0,0,0,0,1,0,0,5,0,0,0,0,0,0,0,1,0,0,0,0,0,1,0,0,0,0,0,0,0,2,2
3,3,0,3,1,2,2,2,4,2,2,2,2,4,1,1,2,4,5,0,3,1,5,1,4,0,2,2,2,2,2,2,2,5,2,2,2,2,0,2,2,2,2,2,2,2,2,2,2,2
3,4,1,1,1,1,1,1,1,1,1,1,1,1,1,1,1,4,0,0,5,1,3,3,4,5,1,1,1,1,1,1,1,1,1,1,1,1,5,1,1,1,1,2,1,1,1,1,1,1
3,5,5,3,3,4,4,4,4,4,4,4,2,3,3,0,0,3,3,1,1,4,0,3,3,5,3,3,3,3,3,5,3,3,3,3,3,1,3,3,3,3,3,3,3,3,3,3,3,3
0,0,1,5,1,5,5,1,5,4,1,4,5,0,1,3,3,2,5,2,0,0,4,4,2,3,3,2,4,3,3,3,3,3,3,3,3,3,5,3,3,3,3,3,3,3,3,3,3,3
3,0,0,0,0,2,3,5,1,1,2,3,5,0,1,1,4,0,0,0,0,5,1,2,4,3,0,0,0,5,0,0,0,4,0,3,0,0,0,0,0,0,0,0,0,0,0,0,0,0
5,5,5,2,1,4,5,0,4,2,0,0,0,0,0,0,0,0,0,0,0,5,0,0,0,0,0,0,0,3,0,0,0,0,0,0,0,0,0,0,0,0,0,0,0,0,0,0,0,0
0,5,5,1,1,1,1,3,2,3,5,1,1,3,3,3,3,4,5,5,4,5,2,3,5,2,3,3,3,3,3,3,3,3,3,2,3,3,3,3,3,3,3,3,3,3,3,3,3,3
0,2,0,5,4,4,4,5,2,1,1,1,3,3,3,3,3,3,0,3,3,3,2,1,1,4,2,3,3,3,3,3,3,3,3,1,3,1,3,3,3,3,3,3,3,3,3,3,3,3
0,0,3,4,4,0,2,2,3,2,2,0,3,4,5,3,0,3,2,2,3,2,3,3,3,1,3,3,4,3,3,3,3,3,3,3,1,3,3,3,3,3,3,3,3,2,3,3,3,1
0,1,1,5,4,4,4,4,4,4,4,0,4,4,4,0,2,1,2,2,5,5,4,0,1,5,4,4,4,4,4,4,4,4,4,4,4,4,4,4,4,4,4,4,4,4,4,4,4,4
2,5,5,4,4,5,5,5,3,5,0,1,1,0,2,4,1,0,3,4,4,2,0,0,0,0,0,0,0,0,0,1,0,0,0,0,0,4,3,0,0,0,0,0,0,1,0,0,0,0
2,2,3,2,2,4,5,0,3,5,0,5,4,4,5,1,1,1,3,5,0,4,2,2,4,3,2,2,2,2,1,2,2,2,3,2,2,2,2,2,2,2,2,2,2,2,2,2,1,2
3,3,5,0,0,0,4,5,5,5,1,3,0,4,1,2,4,0,2,5,5,5,2,0,2,4,5,5,5,5,5,5,5,5,5,5,5,5,5,5,5,5,5,5,5,5,5,5,5,5
3,3,3,3,3,3,3,3,0,4,1,1,3,3,1,4,4,3,3,2,3,2,1,4,0,4,3,3,3,3,3,3,3,5,3,3,3,3,3,3,3,3,3,3,3,3,3,3,3,3
5,0,5,4,4,3,3,3,3,0,1,4,2,3,0,1,2,0,4,4,0,2,3,1,2,1,3,3,3,3,3,3,3,3,3,3,3,3,3,0,3,3,3,3,3,0,3,3,3,3
4,4,1,2,0,5,0,1,4,1,2,2,0,1,5,4,0,2,2,1,4,3,3,3,3,5,0,3,3,3,4,3,0,3,3,3,3,3,3,3,3,4,3,3,3,3,0,3,3,3
5,1,5,5,1,1,1,1,3,1,1,1,1,1,1,1,1,1,1,1,1,2,1,1,1,1,1,1,1,1,1,1,1,1,1,1,4,1,1,1,1,1,1,4,1,1,1,1,2,1
4,2,2,2,4,4,2,0,3,2,0,4,5,2,3,3,2,3,4,5,5,5,3,0,1,2,2,2,2,2,2,2,2,5,2,2,2,1,2,2,2,2,2,2,2,2,0,2,2,2
4,5,4,0,0,5,2,2,2,5,1,5,4,3,2,2,2,2,2,0,0,2,1,5,1,0,2,2,2,2,3,2,2,2,2,2,2,3,0,1,2,2,2,2,2,2,2,2,2,2
0,0,0,0,0,0,0,5,0,0,0,0,5,1,5,4,3,0,0,4,4,3,0,2,4,4,3,0,0,5,4,0,0,0,0,0,0,0,0,0,0,0,0,0,0,0,0,0,0,0
3,3,3,3,3,3,3,3,3,2,3,3,3,3,3,3,3,3,3,3,3,3,3,3,5,3,3,3,4,3,3,3,3,3,1,3,2,3,1,3,3,3,3,3,3,3,3,3,4,3
0,5,5,3,3,5,1,1,1,3,1,2,1,1,0,3,4,1,5,1,4,5,5,3,3,2,1,1,1,1,1,1,1,1,1,1,5,1,0,1,1,1,1,1,1,1,1,1,1,1
3,0,0,0,0,0,0,0,0,0,5,5,4,1,1,2,4,1,4,0,0,0,0,5,3,5,0,0,1,0,0,0,0,0,0,0,0,0,0,0,0,0,0,0,0,0,0,0,0,0
5,5,5,4,5,5,5,5,4,5,3,1,0,2,0,3,5,1,1,2,0,1,0,4,3,2,5,5,5,5,5,5,5,5,5,5,5,5,5,5,1,5,5,5,5,5,5,5,5,1
5,0,0,0,0,0,0,0,0,0,0,0,0,0,0,3,5,2,2,5,5,4,1,2,1,5,0,0,0,0,0,0,0,0,0,0,0,0,0,0,0,0,2,0,0,0,0,0,0,0
4,4,0,2,4,4,4,4,4,4,4,4,4,4,4,4,4,4,4,4,4,4,4,4,4,4,4,4,4,4,4,4,4,4,4,4,4,4,4,4,4,4,4,2,3,4,4,4,3,2
5,3,4,0,0,0,0,0,0,0,0,0,0,5,0,1,3,2,1,1,3,3,2,5,1,1,0,0,0,0,0,0,0,0,0,0,0,0,2,0,0,0,0,0,0,0,0,0,0,0
2,3,0,0,0,0,0,0,0,0,0,0,0,0,0,0,0,2,5,5,4,0,3,2,4,3,0,0,0,5,0,0,0,1,0,0,5,0,0,0,0,4,0,3,0,4,0,0,0,0
2,4,3,3,2,4,4,0,5,2,5,0,1,0,0,0,3,2,0,1,5,3,4,4,0,1,0,0,0,0,0,0,0,0,0,0,0,0,0,0,0,0,0,0,0,0,0,0,0,4
5,5,2,0,5,4,4,4,3,0,3,3,3,3,0,3,3,2,0,4,0,2,3,2,4,2,3,3,3,3,3,3,3,3,3,3,3,3,3,3,3,3,3,3,3,3,3,3,3,3
0,1,1,2,2,0,1,3,3,3,3,5,1,3,0,4,0,5,0,2,0,4,4,5,5,3,3,3,3,3,3,3,3,3,3,3,3,3,3,3,3,3,3,3,3,3,3,3,3,3
3,3,5,5,5,5,3,5,5,5,5,5,2,5,5,4,5,5,5,5,5,2,3,4,3,2,5,2,5,5,5,5,5,5,5,5,5,5,5,5,5,5,5,5,5,5,5,1,5,5
1,3,3,2,1,2,2,2,3,4,0,3,4,3,4,5,2,2,1,1,4,5,1,5,3,5,2,2,2,2,2,2,2,2,2,2,2,2,2,2,2,2,1,2,2,2,2,2,4,0
3,2,2,2,2,3,0,1,5,0,4,3,1,1,0,0,4,3,5,2,1,3,2,4,1,5,2,2,2,2,2,5,3,2,2,2,2,3,2,2,2,2,2,2,2,2,2,2,2,2
3,3,3,3,3,5,0,1,1,2,2,3,1,4,5,1,1,5,1,5,2,0,3,5,0,2,3,3,3,3,3,3,3,3,3,3,3,3,0,1,3,3,3,3,3,3,3,3,3,3
0,5,1,1,5,0,2,2,2,2,0,5,0,4,5,3,3,2,2,2,2,2,2,2,3,3,4,2,2,2,2,2,2,2,2,2,2,2,2,2,2,2,2,2,2,3,5,2,2,2
2,5,1,1,1,1,1,1,1,4,3,4,4,5,2,0,1,5,3,2,4,1,0,1,0,2,1,1,1,1,1,1,5,1,1,1,1,1,1,1,1,1,1,1,1,1,1,1,1,1
3,2,2,2,2,5,0,3,2,4,1,1,5,2,4,4,4,2,1,0,2,4,0,3,1,0,2,2,2,2,2,2,2,5,2,2,2,2,4,2,2,2,1,3,2,2,2,2,2,2
3,2,2,2,2,1,4,5,5,0,4,1,2,2,3,4,1,0,1,0,5,1,4,2,2,5,2,2,2,2,2,1,2,2,2,2,5,2,2,2,2,2,2,2,4,2,2,2,2,2
3,3,3,3,3,3,3,3,1,5,2,4,1,3,0,5,5,2,0,1,3,3,4,1,0,0,3,0,3,3,3,3,3,3,3,3,3,3,3,3,3,0,3,3,3,3,3,3,2,3
4,4,4,4,3,1,0,2,5,0,1,0,1,1,5,3,2,0,0,2,0,5,3,4,3,2,4,2,3,2,2,2,2,2,0,2,2,2,2,2,2,2,2,2,2,2,2,2,2,2
3,2,5,5,0,5,5,5,5,5,5,5,5,4,5,5,5,5,5,5,5,5,5,5,5,5,1,5,5,5,5,5,5,5,5,5,5,5,5,5,5,5,5,4,5,5,5,5,5,5
5,5,4,5,5,5,5,1,5,5,5,5,5,5,5,5,5,5,5,5,5,5,5,5,5,5,5,5,5,5,5,5,5,5,5,5,5,5,5,5,5,5,5,5,1,5,5,5,5,5
4,4,1,1,5,3,2,2,0,0,1,0,3,4,2,2,2,2,4,2,0,2,0,2,2,2,2,2,2,2,2,5,0,2,2,2,2,4,2,2,1,2,2,2,2,2,1,5,2,2
4,4,4,0,3,1,1,1,1,1,5,1,1,1,3,3,2,3,0,1,5,5,5,1,0,1,1,1,0,1,1,1,1,1,1,1,1,1,1,1,1,1,1,1,1,5,2,1,1,1
2,4,5,0,0,0,3,1,2,3,1,0,0,0,1,4,4,3,5,1,4,3,3,2,2,5,0,0,0,0,0,0,0,0,0,0,0,4,2,0,0,0,0,0,0,0,0,0,0,0
1,2,1,2,2,3,0,0,2,4,1,2,0,1,5,3,2,5,3,0,1,2,4,0,3,0,2,2,2,2,2,2,4,2,2,2,2,2,2,2,2,2,2,2,2,2,2,2,2,2
3,3,3,3,1,5,5,4,0,4,0,0,2,0,0,0,3,0,0,0,0,0,0,3,0,0,0,0,0,0,0,4,0,0,0,0,0,0,0,0,0,0,0,0,0,0,0,0,0,0
2,2,2,2,1,1,3,2,5,4,4,3,3,5,1,3,0,4,4,0,4,2,5,2,1,0,0,0,0,0,0,0,0,0,4,0,5,1,0,1,2,0,0,0,0,0,3,0,0,0
2,5,0,0,5,3,1,2,4,0,0,0,0,0,5,4,4,1,0,3,3,4,5,3,5,0,0,4,3,0,0,0,2,0,0,4,5,0,0,0,0,0,0,4,0,0,0,0,0,0
3,3,4,4,4,4,4,4,4,4,4,4,4,4,4,4,4,4,4,4,2,4,3,4,4,4,4,4,4,4,4,4,4,4,4,4,4,5,4,4,4,4,4,4,4,4,4,4,4,4
0,0,2,2,2,2,2,2,2,2,2,4,5,1,2,3,0,1,1,4,5,5,1,3,1,4,4,2,2,2,2,2,2,2,2,2,3,2,2,2,2,2,2,2,2,2,3,2,2,2
2,2,0,3,3,3,3,3,3,3,3,3,3,3,3,3,3,3,2,5,0,1,0,1,1,2,3,3,3,3,3,2,3,3,3,2,3,3,3,3,3,3,3,1,3,3,3,3,5,3
0,3,1,2,2,1,3,1,4,3,4,3,1,1,5,3,3,3,3,3,3,0,4,4,4,5,3,3,3,3,3,3,3,3,1,3,4,4,3,3,3,3,3,3,3,3,3,3,3,1
5,5,5,0,5,5,5,4,4,4,0,5,3,3,4,4,3,1,2,1,5,5,5,5,5,5,5,5,5,4,5,5,5,5,5,5,5,5,5,5,5,5,1,5,5,5,5,5,5,5
5,0,2,2,2,2,2,2,2,0,1,4,4,5,0,1,0,4,5,5,3,5,1,1,0,4,2,2,2,2,2,2,2,2,2,2,2,2,2,2,2,2,2,4,2,2,2,3,2,2
3,0,0,0,0,0,0,0,0,0,0,0,0,0,0,0,0,0,0,5,2,5,5,1,0,0,0,0,0,0,0,0,0,0,5,0,0,0,0,0,0,0,0,5,0,0,0,1,0,0
5,5,0,0,0,4,5,4,1,2,0,3,4,5,2,3,3,5,1,4,0,4,1,4,4,4,0,4,4,4,1,1,1,1,1,1,1,1,1,1,1,4,1,1,1,1,1,1,1,1
0,0,1,3,3,3,4,5,0,5,5,3,4,0,2,4,4,0,1,4,0,2,3,3,5,4,0,0,0,0,3,0,0,0,0,0,0,0,0,1,0,5,0,0,0,0,0,0,0,3
0,1,5,5,2,1,4,4,4,4,4,4,4,4,2,4,2,4,4,4,4,4,4,4,4,4,4,3,4,4,4,4,4,4,4,4,4,4,5,4,4,4,0,4,4,4,4,0,4,0
2,2,2,1,0,0,0,0,0,0,0,0,0,0,0,5,0,0,0,0,0,0,0,0,0,0,0,0,0,0,0,3,0,0,4,0,0,0,0,0,0,0,0,0,0,0,0,2,0,0
5,1,2,1,1,4,5,5,3,3,1,1,3,4,4,0,2,2,5,1,0,1,1,1,1,1,1,1,1,1,1,1,5,1,1,1,1,1,1,1,1,1,1,1,1,1,1,1,1,1
2,2,2,2,2,2,0,2,4,3,0,3,4,1,4,1,3,3,0,5,2,4,3,5,2,1,2,2,2,2,2,2,3,2,2,2,4,3,2,2,2,2,2,2,2,2,2,2,2,2
4,4,4,5,2,3,3,3,1,5,5,5,5,0,3,2,1,1,3,4,1,3,2,4,5,1,3,3,3,3,3,3,3,3,3,3,3,3,3,3,3,3,3,3,3,3,3,3,3,3
4,4,2,3,5,5,5,3,3,5,4,2,4,1,1,4,4,1,4,0,2,1,3,4,4,3,4,4,4,4,4,4,4,4,4,4,4,4,5,4,4,4,4,4,4,4,4,4,4,4
1,2,2,2,1,1,1,1,0,2,5,5,0,3,0,0,0,0,0,0,0,0,0,0,0,0,0,0,0,5,3,0,0,0,3,0,0,0,0,0,0,0,0,0,1,0,0,0,0,0
5,1,1,3,3,3,3,0,3,3,3,4,3,0,5,5,5,4,0,2,3,3,3,3,3,3,3,3,3,3,3,3,3,3,3,3,3,3,4,3,3,3,3,3,3,3,3,3,3,3
3,1,3,0,0,1,4,5,4,4,2,0,0,0,0,1,4,3,3,5,5,5,2,0,1,2,0,0,0,0,0,0,0,1,0,0,0,0,0,0,0,0,0,2,0,0,0,0,0,0
3,0,2,2,0,2,1,0,2,3,4,4,0,1,3,0,3,1,5,1,3,5,4,1,1,1,0,4,1,1,1,1,1,1,1,1,1,1,1,1,1,1,1,1,1,2,1,1,3,1
5,5,3,3,3,4,0,4,5,5,4,2,4,5,5,4,3,4,2,5,0,2,2,4,1,1,4,4,4,4,4,4,4,4,4,4,4,4,4,4,4,4,4,4,4,4,4,4,4,4
3,3,5,4,1,0,4,2,2,1,4,4,1,2,1,3,3,3,0,3,1,5,3,3,3,3,2,3,3,3,3,3,4,3,3,3,3,3,3,3,3,3,3,3,3,3,3,3,3,3
1,3,0,0,4,4,2,2,2,2,2,2,3,1,5,4,3,3,3,3,4,1,2,1,0,5,4,2,2,2,2,2,2,2,2,2,2,2,2,2,2,2,2,2,2,2,2,2,2,2
3,2,2,1,1,4,0,0,2,1,3,0,0,4,4,1,1,3,5,0,4,5,2,5,3,3,0,0,0,0,0,0,0,0,0,0,0,0,0,0,0,1,0,0,0,0,0,0,0,0
1,1,1,1,4,5,4,3,5,2,1,0,5,0,2,5,2,5,5,3,1,2,0,0,5,2,5,5,5,0,5,5,3,5,5,5,0,5,5,2,5,5,5,5,5,5,5,5,5,5
5,4,1,1,1,1,1,5,4,3,3,0,1,4,5,0,1,0,2,4,2,3,3,1,5,1,1,1,1,1,1,1,1,1,1,1,1,1,1,1,1,1,1,0,1,1,1,1,1,1
4,4,4,5,1,2,3,1,5,4,1,0,3,0,4,4,4,4,4,4,3,5,0,0,0,3,4,4,4,4,4,4,5,4,3,4,4,4,4,4,4,4,0,4,4,4,4,5,4,4
0,4,3,3,3,2,4,0,1,3,4,1,0,5,1,0,2,1,3,1,5,5,5,5,5,1,5,5,5,5,5,5,5,5,5,5,5,5,5,5,5,5,0,5,5,5,5,5,5,5
1,5,5,5,5,5,5,5,5,4,4,1,4,4,1,0,0,4,5,1,2,1,4,3,3,2,5,5,5,5,5,5,5,5,5,5,5,5,5,5,0,5,5,5,5,4,0,5,5,5
2,0,0,4,1,0,4,1,0,3,4,5,3,5,5,5,5,4,3,4,0,4,1,5,5,4,5,5,5,5,5,0,5,5,5,5,3,5,5,5,5,5,5,5,5,5,5,5,5,5
2,2,2,2,2,2,2,2,2,2,2,2,2,2,5,2,2,2,5,1,4,0,1,5,4,5,2,2,2,2,0,2,2,2,2,2,2,2,2,2,2,2,2,2,2,2,2,2,2,2
0,5,4,4,1,1,1,1,1,1,1,1,1,1,1,5,1,3,1,1,1,1,1,1,1,1,1,1,1,1,1,5,1,1,1,1,1,1,1,1,1,1,1,1,1,2,1,1,1,1
5,5,5,3,2,4,1,3,2,1,4,1,0,3,1,5,5,5,5,5,5,5,5,5,5,1,5,5,5,5,5,5,5,5,5,5,5,5,5,5,5,5,5,4,5,5,5,5,5,0
2,5,1,4,0,3,2,2,2,2,2,3,3,3,5,3,4,3,3,3,3,3,1,3,3,3,3,2,5,3,3,3,3,3,3,0,3,3,3,3,2,3,3,3,3,3,3,3,1,3
4,4,4,5,3,2,2,1,2,0,4,4,3,2,5,5,5,4,5,5,5,5,5,5,5,5,5,5,5,5,5,5,5,5,5,5,5,5,5,5,5,5,5,5,5,5,5,5,1,2
3,1,5,5,2,0,4,4,4,4,4,4,4,5,4,4,4,4,4,4,4,4,4,4,4,4,4,2,4,3,4,4,4,4,4,4,4,4,4,4,4,4,4,4,4,4,4,3,4,4
0,4,2,1,1,1,0,3,1,1,5,0,1,2,0,0,4,0,3,5,3,2,5,5,3,3,0,0,2,0,0,0,0,0,0,0,0,0,0,0,0,0,0,0,0,4,1,1,0,0
3,2,2,2,2,2,2,2,2,2,3,2,2,2,2,2,2,2,2,2,2,2,2,0,2,2,2,2,2,2,2,2,2,2,1,2,2,2,2,2,2,2,2,2,2,2,2,2,2,2
5,1,1,4,5,0,0,1,0,5,1,0,3,1,5,5,4,3,3,2,2,2,2,3,4,4,4,4,4,4,4,4,4,4,1,3,4,4,4,4,4,4,4,4,4,4,4,4,4,4
0,3,4,4,4,4,4,4,0,4,4,4,4,4,4,5,3,4,4,4,4,4,4,4,4,4,4,5,4,4,4,4,4,4,4,0,4,4,4,4,4,0,4,4,4,4,4,4,4,4
4,4,2,2,0,2,2,5,5,3,1,1,5,1,4,3,2,3,3,3,3,3,4,2,3,4,3,3,3,3,1,3,3,3,3,3,3,3,3,4,3,4,3,3,3,3,3,3,3,1
2,4,4,0,0,0,0,2,2,2,5,2,1,2,3,0,4,3,2,4,5,2,1,0,0,0,0,0,0,0,2,0,0,0,0,0,0,0,0,0,0,0,0,0,4,0,0,0,0,0
4,4,1,5,5,0,5,5,1,5,5,1,1,4,1,1,5,2,4,2,2,4,5,3,3,4,5,5,5,5,5,5,5,5,3,5,5,4,5,5,1,5,5,5,2,5,5,5,5,5
0,0,3,3,3,2,3,0,4,1,2,4,5,4,2,5,0,1,0,3,3,5,5,1,3,3,3,3,5,3,3,3,3,3,3,3,3,3,3,0,3,3,0,1,4,3,3,3,5,3
2,4,4,4,4,4,4,4,3,3,3,0,4,3,0,1,4,1,1,5,0,1,2,3,2,1,4,4,4,4,4,3,4,4,4,4,4,4,4,4,4,5,4,4,4,4,4,2,4,4
4,5,3,0,1,2,2,2,2,2,2,2,2,2,2,2,2,2,2,2,2,3,2,4,0,1,1,2,2,2,5,0,2,2,2,2,2,2,2,2,2,2,2,2,2,2,2,2,2,2
4,4,0,0,0,0,2,3,0,0,4,1,4,4,2,4,2,1,1,5,1,5,1,1,5,4,4,4,4,4,4,4,4,4,4,4,4,4,4,4,4,4,4,0,4,4,4,4,4,4
4,4,1,2,2,4,1,0,4,1,3,3,1,1,3,3,2,3,1,5,0,0,4,5,2,4,1,1,5,1,1,1,1,1,1,1,1,1,1,1,1,2,1,1,1,4,1,1,1,1
1,2,2,4,4,4,4,4,4,4,4,4,4,4,4,4,4,4,4,4,4,4,4,4,4,4,4,4,4,4,5,4,4,4,4,4,4,4,4,4,4,4,4,4,4,4,0,4,4,4
2,5,0,3,3,3,3,3,3,3,3,2,3,3,2,0,2,0,3,5,5,4,0,2,2,1,3,5,3,3,3,3,3,5,3,0,3,3,2,2,3,1,3,3,3,3,3,3,3,3
1,0,0,4,0,0,0,0,0,0,4,3,1,5,1,1,3,2,0,4,3,2,5,1,4,4,0,2,0,0,0,0,0,0,5,0,0,0,0,0,0,0,0,0,0,0,4,0,0,0
2,2,2,2,1,3,4,5,2,1,3,3,3,4,3,5,3,3,3,3,5,3,3,3,3,3,3,3,3,3,3,3,3,3,3,3,3,3,3,3,3,3,3,3,3,3,3,0,3,3
2,0,0,1,4,3,3,2,1,1,0,3,4,0,2,2,2,3,5,3,1,5,3,1,0,2,4,2,2,4,2,2,2,2,2,2,2,2,2,2,2,2,2,2,2,2,2,2,5,2
3,4,2,0,5,5,3,2,3,1,2,1,2,3,5,5,5,5,4,3,3,0,2,5,3,5,5,2,5,5,5,5,5,5,5,5,5,0,5,5,5,5,5,5,5,5,5,5,5,5
4,2,2,3,2,2,0,2,2,2,1,5,4,5,4,4,3,3,2,1,1,3,1,0,4,3,2,2,2,2,2,2,3,2,2,2,2,2,2,2,2,1,2,2,5,2,2,2,2,2
3,5,2,5,0,1,1,2,0,3,4,4,4,4,4,4,4,3,5,3,3,0,2,0,4,3,1,4,4,4,4,4,4,4,2,4,4,4,4,4,4,4,4,4,4,4,4,4,4,4
1,1,4,1,1,2,5,3,4,2,2,1,0,3,3,3,2,0,1,4,5,0,1,2,4,4,1,5,1,1,1,1,4,1,0,1,1,1,1,1,1,1,1,1,1,1,1,1,1,1
2,0,0,4,4,4,1,2,2,4,3,2,4,3,0,0,3,1,4,4,5,5,5,0,2,5,4,4,1,4,4,5,4,4,4,4,4,4,4,2,4,5,4,4,5,4,4,4,4,4
0,1,5,4,3,2,2,2,2,2,2,2,2,3,1,2,2,2,2,2,2,2,4,3,3,2,2,2,0,2,2,2,3,2,2,2,2,2,2,2,5,2,2,2,2,3,2,2,2,0
4,3,5,1,2,2,2,2,2,2,2,2,2,2,2,2,2,2,2,0,2,0,3,3,3,0,2,2,2,2,2,2,2,2,2,2,2,2,2,2,2,2,3,2,0,2,2,2,5,2
0,1,1,1,5,0,3,3,1,0,2,5,5,3,5,0,2,1,4,3,4,5,1,0,5,5,5,5,5,5,5,0,5,5,5,2,5,5,5,3,5,5,5,5,5,5,5,5,0,5
4,4,4,4,4,0,1,4,4,2,4,3,2,0,5,5,1,2,4,2,2,5,3,5,0,0,4,2,4,4,4,0,4,4,4,4,4,4,4,4,4,4,4,4,4,4,4,4,4,4
2,2,4,4,4,4,1,1,1,5,0,5,2,2,0,5,5,4,0,4,3,3,2,1,3,2,2,2,2,2,2,2,2,2,4,2,2,2,2,2,2,2,2,2,2,2,2,2,2,2
4,3,5,2,1,1,5,4,3,0,0,0,0,0,0,4,2,0,2,0,4,3,2,2,0,3,0,0,0,0,0,0,0,0,0,0,0,0,0,0,0,0,0,5,0,4,0,0,0,0
1,1,2,0,0,0,0,0,0,0,5,0,0,0,0,0,0,0,0,0,0,0,0,0,4,0,0,0,4,0,0,0,0,4,0,0,0,0,0,0,0,0,0,0,0,0,0,0,0,0
4,4,4,4,4,4,4,4,4,4,4,4,4,2,5,5,5,2,1,1,1,1,1,2,0,0,4,4,4,4,4,4,4,4,4,4,4,4,4,4,4,4,4,4,4,4,4,4,4,4
5,5,5,0,0,0,0,0,1,5,2,1,1,3,2,5,5,1,3,2,2,0,3,0,3,3,3,3,3,3,3,3,3,3,3,3,3,5,3,3,3,3,3,4,3,3,3,3,3,3
3,3,3,3,3,3,3,3,3,3,3,3,2,3,3,3,3,3,3,3,3,3,3,3,3,3,3,3,3,3,3,3,3,3,3,3,3,3,3,5,3,3,3,3,3,3,3,3,1,3
5,5,5,5,0,0,1,3,1,2,5,2,1,3,1,4,4,4,4,2,5,3,4,0,0,0,5,5,5,5,5,5,5,5,5,1,5,5,5,5,5,5,5,5,5,3,5,5,5,5
3,5,5,0,0,4,1,4,4,5,4,2,5,3,3,0,3,2,4,4,5,2,1,5,5,5,5,5,1,5,5,5,5,5,5,5,5,5,5,5,1,5,5,5,5,2,5,5,3,5
4,5,1,1,5,5,5,5,5,5,5,5,5,5,0,0,4,2,0,1,3,5,5,5,5,5,5,5,5,3,5,5,5,5,5,0,5,5,2,5,5,5,5,5,0,5,5,5,5,5
0,1,2,3,2,3,5,5,5,1,4,3,0,4,5,3,3,3,3,4,3,1,3,1,3,2,3,3,3,3,3,3,2,5,3,3,3,3,5,3,3,3,4,3,3,3,3,3,3,3
0,1,3,3,3,3,3,3,3,4,3,3,3,3,3,3,5,0,4,0,2,4,2,5,3,1,3,3,3,3,3,3,5,3,3,3,3,3,3,3,3,3,4,3,3,3,3,3,3,3
2,0,4,4,4,4,4,4,4,4,4,4,4,4,4,4,4,4,4,4,4,4,4,4,4,4,4,4,0,1,4,3,4,4,4,4,4,4,4,4,4,4,4,4,4,4,4,4,4,4
4,3,4,3,0,3,2,2,5,5,0,3,3,5,2,5,4,1,4,2,2,1,3,2,4,1,2,2,2,2,2,5,2,2,2,2,2,2,2,2,3,2,2,2,2,2,2,2,2,2
1,1,3,3,0,0,4,4,5,5,5,5,5,5,5,2,5,5,1,5,5,1,5,2,5,0,5,2,5,5,5,5,1,5,5,5,5,5,5,5,5,5,5,1,5,5,5,5,5,4
2,1,3,3,1,5,5,5,5,5,5,0,2,5,0,1,2,0,4,0,5,3,2,0,4,0,5,5,5,5,5,5,5,5,5,5,5,5,5,5,5,5,3,3,5,0,5,4,5,5
0,3,3,4,4,0,3,1,5,5,5,5,5,5,5,0,4,0,2,5,5,2,0,0,4,4,5,5,0,5,5,5,5,5,3,5,5,5,5,5,5,3,5,5,1,5,3,5,5,5
2,5,5,0,0,0,5,0,3,5,2,5,2,2,2,3,3,0,1,1,4,5,2,1,5,3,5,5,4,5,5,5,4,5,5,5,5,5,5,5,5,1,0,0,0,0,0,5,5,5
0,0,0,3,1,2,4,2,2,3,3,4,5,0,1,0,3,3,3,5,1,5,1,5,5,5,5,5,5,5,5,5,5,5,5,5,5,5,5,5,5,2,5,5,5,5,5,5,3,5
4,4,4,2,1,0,2,1,3,0,0,2,2,0,4,2,0,4,4,4,2,1,1,4,1,0,4,4,4,4,4,4,4,4,4,4,4,4,4,4,4,4,4,4,4,4,4,4,4,4
3,3,3,3,3,3,3,3,3,3,1,3,3,3,3,0,0,4,4,5,2,4,2,5,0,1,3,3,3,0,3,3,3,3,3,3,3,3,3,3,3,3,5,3,3,3,3,3,3,3
3,2,2,3,0,4,4,5,5,5,4,1,1,4,1,1,0,1,1,5,5,1,4,4,3,4,4,4,4,4,5,4,4,4,5,4,4,4,4,4,4,4,4,4,4,4,4,4,4,4
5,3,1,1,1,4,5,3,5,2,5,2,2,1,0,3,1,4,5,3,5,1,5,0,0,4,3,5,5,5,5,5,5,5,2,2,5,5,5,5,5,5,5,5,5,5,5,5,5,5
1,1,1,4,2,4,4,2,2,4,1,0,3,3,4,1,2,2,1,5,2,3,4,2,5,1,1,1,0,1,1,1,1,1,5,1,2,1,1,1,1,1,1,1,1,1,1,1,1,1
2,2,4,3,1,2,5,1,1,3,4,0,0,0,0,3,0,0,0,1,1,3,3,5,5,0,0,0,0,0,0,0,0,0,0,0,0,0,0,0,2,0,0,0,0,0,0,0,0,0
1,2,2,0,3,4,4,4,2,0,5,5,4,5,4,3,5,5,5,5,5,5,0,5,5,5,5,5,5,5,5,5,5,5,5,5,5,5,5,5,5,5,5,4,5,5,5,5,5,5
1,4,4,4,4,1,5,0,2,5,4,1,1,2,1,2,2,2,1,2,2,4,1,4,2,0,2,2,2,2,2,2,2,2,2,2,2,2,2,2,2,2,2,2,2,2,2,2,1,2
3,3,3,3,3,3,3,3,3,3,5,3,3,3,3,3,0,5,3,3,3,3,3,3,3,3,3,3,3,3,3,3,3,3,3,3,3,3,3,3,3,3,3,3,3,3,3,3,4,3
0,2,5,4,1,3,3,3,3,3,3,3,3,3,4,3,3,3,3,3,3,3,3,3,3,0,3,3,3,5,3,3,3,3,4,3,3,3,3,3,3,3,3,0,3,3,3,3,3,3
3,3,0,0,5,5,0,2,3,3,4,4,3,2,0,4,4,4,4,1,4,4,4,4,3,4,4,4,4,4,4,4,4,4,2,4,4,4,4,4,4,4,4,5,4,4,4,4,4,4
3,4,3,3,3,3,3,3,3,3,3,3,3,0,3,3,3,2,5,2,3,2,4,5,3,4,3,3,3,3,3,2,3,3,3,3,3,3,5,3,3,3,3,3,3,3,3,3,3,3
3,0,3,0,0,0,0,0,0,0,0,1,0,0,0,0,0,0,0,0,0,0,2,0,5,0,0,0,0,0,0,0,0,0,0,0,2,0,0,0,0,0,0,0,0,0,3,4,0,0
2,0,0,3,3,2,2,5,5,0,0,5,5,2,4,4,4,0,2,3,5,3,2,1,0,2,2,2,2,2,2,2,2,2,2,2,2,2,2,2,2,2,4,2,2,2,2,2,2,2
4,4,4,4,5,4,3,1,0,0,4,4,2,4,5,1,5,1,5,3,0,5,5,4,1,0,4,4,4,4,4,4,4,4,2,4,0,4,4,4,4,4,4,4,3,4,4,4,4,4
1,4,2,0,5,5,5,5,5,5,5,5,5,5,5,5,5,5,5,5,5,5,5,5,4,1,5,5,5,5,5,5,5,4,5,5,5,5,5,5,5,5,5,5,5,5,5,5,5,5
4,2,4,4,4,3,3,5,3,4,1,4,3,5,1,5,2,5,5,5,3,5,0,5,1,5,5,5,5,5,5,5,5,1,5,3,5,5,5,5,5,5,0,5,5,5,1,4,5,5
2,2,5,5,5,3,5,1,5,5,4,4,1,2,5,5,2,3,4,4,2,0,0,1,1,1,5,5,1,5,5,5,3,5,2,5,5,5,5,5,3,5,5,5,5,5,1,5,5,5
4,4,1,4,1,1,2,2,4,0,1,5,5,5,5,2,3,4,4,4,2,0,1,3,4,3,4,4,4,4,4,4,4,4,4,0,4,4,4,4,4,4,4,4,1,4,4,4,4,4
1,1,5,5,4,4,4,5,1,3,4,4,2,0,5,5,5,0,1,0,2,4,4,4,4,4,4,4,4,4,4,4,4,4,4,4,4,4,4,4,4,4,1,4,4,4,4,4,4,4
5,5,2,2,5,2,2,1,4,2,2,2,2,2,2,2,0,0,2,0,5,4,2,0,4,3,2,2,2,2,2,2,2,2,2,2,2,2,2,2,2,2,2,2,2,2,2,2,2,2
4,4,4,1,5,2,1,1,1,0,1,1,1,2,1,0,1,2,5,3,0,5,4,4,0,2,1,1,1,1,5,1,1,1,1,5,1,1,1,1,1,1,1,1,1,1,1,1,1,2
0,0,1,1,1,1,5,1,0,3,5,5,1,5,5,2,2,2,1,5,2,1,4,1,2,2,1,1,1,1,1,1,1,1,1,1,1,1,1,1,1,1,1,1,1,1,1,1,1,1
5,3,3,3,3,2,1,0,4,0,4,1,0,5,3,5,0,1,0,3,3,2,2,2,1,2,2,2,2,2,2,2,2,2,2,2,2,2,2,2,2,2,2,2,2,2,2,2,2,5
4,3,3,3,3,3,2,3,2,4,3,5,1,4,4,4,4,0,3,5,0,0,0,0,0,0,1,0,3,0,0,0,0,0,0,0,0,0,0,0,0,0,0,0,0,0,0,0,0,0
4,4,4,4,4,4,4,4,4,4,4,1,4,4,4,4,2,4,4,4,5,4,4,4,4,4,4,4,4,4,4,4,4,4,4,4,4,4,2,4,4,4,4,0,4,4,4,4,4,4
0,0,0,5,0,0,2,5,5,3,3,2,3,3,5,0,3,3,1,3,4,4,1,1,4,1,3,3,3,3,3,3,3,3,3,3,3,3,3,3,3,3,3,3,3,3,3,3,3,3
2,2,2,2,2,2,2,3,2,2,2,2,2,2,2,2,2,2,2,2,2,2,2,2,2,5,2,2,5,2,4,2,2,2,2,2,2,2,2,2,2,2,2,2,2,2,2,0,2,2
2,4,2,2,0,1,2,4,3,2,5,0,3,0,3,5,0,0,1,3,3,5,4,3,0,4,0,0,0,0,4,3,0,0,0,0,0,0,0,0,0,0,0,0,0,0,0,0,0,0
4,4,4,4,4,4,4,4,4,4,4,4,4,4,4,4,4,2,5,1,4,2,2,3,5,0,1,0,4,4,4,4,4,4,4,0,4,4,4,4,4,4,4,4,4,4,4,4,4,4
0,0,0,5,0,1,3,1,1,5,5,1,2,2,5,2,2,5,1,5,2,5,1,5,3,5,5,5,5,5,5,5,5,5,5,5,5,5,5,5,5,4,5,5,5,5,5,5,5,5
5,3,1,5,1,1,0,5,4,4,1,2,5,0,2,4,1,2,1,0,3,0,3,3,3,4,1,1,1,1,1,1,1,2,1,1,1,1,1,1,2,1,1,1,1,1,1,4,1,1
2,2,4,3,3,3,3,3,3,3,3,1,0,5,3,0,1,4,2,0,3,0,2,1,4,5,3,3,3,3,2,2,3,3,3,3,3,3,3,3,3,3,3,3,3,3,3,3,3,3
2,0,0,4,4,0,0,2,1,2,0,5,4,1,3,3,1,1,1,1,1,1,1,1,1,1,1,1,1,1,1,1,1,1,1,1,1,1,1,1,1,1,1,1,1,2,1,1,1,1
2,2,2,2,2,5,4,2,2,2,2,2,2,2,0,2,0,4,3,1,2,0,2,4,0,3,2,2,2,2,4,2,2,2,2,2,2,2,2,2,2,2,2,5,2,2,2,4,2,2
2,5,3,1,1,1,1,1,1,4,5,0,5,2,1,2,0,5,4,0,2,2,3,4,4,4,1,1,1,1,1,1,1,1,2,1,1,1,1,1,1,5,1,2,1,1,1,1,1,1
4,4,3,3,3,0,1,0,2,2,0,5,1,1,2,1,0,3,5,0,3,2,2,1,2,4,2,2,2,2,2,2,2,2,2,2,0,2,2,2,2,2,2,2,2,2,2,2,2,2
2,2,0,1,1,1,1,3,1,5,3,0,4,2,5,0,5,2,1,3,3,5,3,3,3,3,4,2,3,3,3,3,3,3,3,3,3,3,3,3,3,3,2,3,3,3,3,3,3,3
5,3,5,0,0,4,1,1,3,5,0,1,5,5,2,4,1,4,2,0,0,0,3,3,5,4,0,0,0,0,0,0,0,0,0,0,0,0,0,0,0,0,4,0,4,0,1,0,1,0
2,2,0,2,2,2,2,2,2,2,5,5,5,3,0,1,5,4,5,5,3,0,1,1,5,1,2,2,4,2,2,2,5,2,2,2,2,1,5,2,2,2,2,2,2,2,2,4,2,2
2,2,1,1,1,5,2,4,3,1,1,0,4,1,4,4,2,3,0,5,2,1,5,5,5,0,1,1,1,1,1,1,2,1,1,1,1,1,1,1,1,1,2,1,1,1,1,1,1,1
3,3,1,2,1,4,4,4,4,4,4,4,3,1,2,5,2,1,1,2,5,0,4,5,1,1,4,4,4,4,4,4,4,4,4,4,1,4,4,4,4,4,4,1,4,4,4,4,4,4
0,0,4,4,4,4,4,2,4,4,5,4,4,1,5,3,5,0,5,0,2,5,2,2,2,4,0,4,4,4,0,4,4,5,4,4,4,4,4,4,4,4,4,4,4,4,4,4,4,4
4,4,4,4,4,1,4,4,4,4,4,4,0,4,4,4,4,4,4,4,0,4,4,4,4,4,4,4,4,4,4,4,5,4,4,4,4,4,4,4,0,4,4,4,4,4,4,4,4,4
5,4,0,1,2,2,2,2,2,2,2,1,2,2,2,2,2,2,2,0,2,4,2,5,2,2,2,2,2,2,2,2,2,2,2,5,2,5,2,2,2,2,2,2,2,3,2,2,2,2
1,1,3,2,3,4,4,0,2,0,3,4,3,0,2,4,2,5,3,5,5,5,2,2,3,5,2,0,2,2,2,2,2,2,2,2,2,2,2,1,4,2,2,3,2,2,2,2,2,1
5,2,0,0,2,2,2,2,2,0,0,1,4,4,1,1,5,5,0,4,5,5,3,3,4,4,2,2,2,2,2,2,2,3,2,2,3,2,2,2,5,2,1,2,2,2,2,2,2,2
0,0,2,2,2,2,2,0,2,2,2,2,2,2,2,2,2,2,2,2,2,2,2,2,2,2,4,2,2,2,2,4,2,0,2,2,2,2,2,2,2,3,2,2,2,2,2,2,2,5
2,2,5,3,4,1,0,0,1,1,5,0,5,2,1,0,5,2,5,4,4,4,4,3,4,4,4,4,4,4,4,4,4,4,4,3,4,4,4,4,4,4,0,4,4,4,4,4,4,1
5,3,3,3,4,4,5,2,1,4,1,2,0,3,0,3,1,1,1,3,1,1,3,1,3,4,1,5,1,1,0,1,1,1,1,1,1,4,1,1,1,1,1,4,1,1,1,1,1,3
2,2,2,2,0,0,2,2,2,2,2,3,5,4,2,1,5,5,4,0,3,4,1,5,1,2,2,2,2,2,2,2,2,2,2,4,2,2,2,3,2,2,0,2,2,0,2,1,2,2
1,0,4,4,4,4,4,4,4,4,4,4,4,2,0,0,2,5,0,4,5,2,4,1,0,0,5,4,4,4,4,4,0,4,4,4,4,5,4,4,4,4,4,4,3,4,4,4,4,4
4,5,5,5,5,1,0,4,1,2,5,5,3,1,4,1,0,4,1,5,1,2,5,0,0,1,5,5,5,5,5,5,5,5,5,5,5,5,5,5,5,5,5,5,5,5,5,5,5,5
3,4,1,1,0,0,0,5,0,3,5,3,2,3,0,4,2,0,3,4,5,2,3,4,3,0,0,0,0,0,0,0,0,0,4,0,3,2,1,4,0,0,0,0,0,0,0,0,0,0
0,0,5,1,4,4,4,4,4,4,4,4,4,4,4,4,4,4,0,4,4,2,4,4,4,4,4,4,4,4,4,3,4,0,1,4,4,4,4,4,4,4,4,4,4,4,4,2,4,4
4,1,1,3,5,4,5,0,0,4,1,3,0,4,1,2,3,4,1,4,2,0,0,0,4,5,4,4,4,4,4,4,4,4,4,4,4,4,2,4,4,4,4,4,4,4,4,4,4,4
0,2,1,2,0,2,5,1,0,3,1,3,2,3,5,3,3,5,0,1,2,4,4,5,0,1,3,3,3,3,3,3,3,3,3,2,3,2,3,3,3,3,3,3,3,5,3,3,3,3
3,0,0,0,1,0,1,0,1,5,0,4,5,3,3,2,5,1,1,3,1,4,1,1,1,4,1,1,1,1,1,0,3,1,1,1,1,1,3,1,1,1,3,3,1,1,1,1,2,1
3,5,5,2,0,0,0,3,3,4,5,1,3,0,1,1,2,4,1,5,0,2,3,2,2,2,2,2,2,2,2,2,2,2,2,2,2,2,2,2,2,2,2,2,2,2,2,2,2,2
0,2,2,2,2,2,2,2,0,2,2,2,2,2,2,2,2,2,2,2,0,2,2,2,2,1,2,2,2,2,2,2,2,2,2,2,2,2,2,2,2,2,2,3,2,2,5,2,2,2
0,3,3,5,5,0,5,2,0,5,5,5,3,5,1,4,3,1,1,2,5,5,5,5,5,5,5,5,5,5,5,5,5,5,5,5,5,5,5,5,2,5,5,5,0,5,5,5,4,5
4,4,0,3,2,2,2,3,3,0,4,4,4,2,2,4,3,3,0,3,4,2,0,4,1,2,4,4,4,4,4,4,4,4,4,4,4,4,4,4,4,4,4,4,2,4,4,4,4,4
1,5,1,1,1,1,1,0,3,0,4,1,2,1,1,1,1,1,1,3,1,1,1,1,1,3,1,1,1,1,1,1,1,1,1,1,1,1,1,1,1,1,1,1,5,1,1,1,3,1
1,2,3,5,1,5,5,2,5,5,5,5,5,1,1,1,3,1,1,1,5,0,1,4,5,1,1,1,1,1,1,1,1,1,1,1,1,1,5,1,1,1,1,1,1,1,2,1,1,1
4,4,4,4,2,1,3,3,5,0,2,3,1,0,0,0,0,0,2,3,1,4,4,5,4,3,4,4,4,2,4,4,4,4,1,4,2,4,4,4,4,4,4,3,5,4,4,4,4,4
4,4,4,4,2,4,3,1,3,3,3,3,3,3,2,3,3,5,1,1,5,4,5,2,5,0,3,3,3,3,2,3,3,3,3,3,3,3,4,3,3,3,3,3,3,3,3,4,3,2
3,3,4,4,1,1,4,1,3,3,0,1,2,4,3,2,2,4,2,2,2,5,1,5,1,4,4,4,1,4,4,4,4,4,4,4,4,4,4,4,4,4,4,4,4,4,4,4,4,4
2,4,4,4,4,5,5,0,3,3,3,3,3,3,0,3,3,3,3,5,4,1,3,5,5,0,5,1,3,5,3,3,3,3,3,3,3,3,3,3,3,3,3,3,3,3,3,3,3,3
5,3,2,1,1,4,4,4,4,4,5,4,4,4,4,4,3,5,0,3,1,3,0,3,2,3,4,4,4,4,4,4,4,4,4,4,4,4,4,4,4,4,4,4,4,4,4,4,2,4
0,4,5,5,5,5,5,2,1,1,1,1,4,3,3,1,0,3,4,3,2,5,5,4,0,1,1,1,1,1,1,1,1,1,1,1,3,1,1,1,4,1,1,5,1,3,1,1,1,1
4,4,2,2,1,1,5,3,1,4,3,0,0,3,0,0,0,0,0,5,3,4,4,2,0,0,0,0,3,0,0,0,0,0,0,0,0,0,0,0,0,0,0,0,0,0,0,0,0,0
2,2,2,0,5,3,0,2,1,4,3,1,1,1,1,1,1,1,1,4,1,1,1,1,1,1,1,1,1,1,4,1,1,5,1,1,1,1,1,1,1,0,2,1,1,5,1,1,1,1
5,5,0,5,1,2,4,0,4,4,0,1,2,1,0,1,2,5,4,0,2,5,3,5,3,2,2,2,2,2,2,2,2,2,2,2,2,2,2,2,2,2,2,2,2,2,2,2,3,2
2,2,4,1,2,0,2,3,4,3,3,1,0,0,5,1,4,3,0,5,2,3,0,0,2,2,1,2,2,0,2,2,2,2,2,2,2,2,2,2,2,2,2,2,2,2,2,2,2,2
0,0,4,0,3,2,2,1,2,2,5,2,0,2,3,3,1,0,5,4,4,0,0,2,1,3,0,3,0,0,0,0,0,0,0,0,3,0,0,0,0,0,0,0,3,0,0,0,0,0
1,0,0,1,1,1,1,1,2,0,3,0,0,0,5,4,5,1,4,4,4,4,2,2,4,1,1,1,1,1,1,1,1,1,1,1,2,1,1,1,1,1,1,1,1,1,1,1,0,1
1,4,4,4,3,1,4,0,3,3,3,0,5,5,1,1,2,5,5,1,5,0,5,5,5,5,5,4,5,5,5,5,1,0,2,5,5,5,5,5,5,5,5,0,5,5,5,5,3,5
2,1,1,1,4,2,5,0,5,4,0,0,4,4,4,4,4,1,5,0,1,5,3,4,4,4,4,4,4,4,4,4,4,4,4,4,4,4,4,4,4,0,4,4,4,4,3,4,0,4
4,2,2,2,2,2,2,2,2,2,2,2,2,2,2,2,5,3,0,1,5,0,3,0,1,1,2,2,2,2,2,4,2,2,2,2,2,5,2,2,2,2,2,2,2,2,2,2,2,2
1,3,2,3,2,1,0,0,3,0,0,5,5,5,0,2,2,2,3,5,2,0,2,4,0,2,2,1,2,2,2,2,2,2,2,2,2,2,2,2,2,2,2,2,2,2,2,2,2,2
5,5,0,0,4,0,5,2,2,0,2,2,2,2,2,2,2,2,5,5,5,4,1,2,0,1,2,2,2,2,2,2,2,2,2,2,2,2,2,2,2,2,2,2,2,2,2,2,2,5
5,5,5,5,5,3,5,5,5,5,5,5,5,5,5,5,4,5,5,2,5,5,1,5,4,5,5,5,5,5,5,5,5,5,5,5,5,5,5,3,5,0,5,5,5,5,5,5,5,3
2,2,2,3,1,5,1,1,1,1,4,1,1,1,1,1,1,1,1,1,4,1,1,1,1,1,1,1,1,1,1,1,0,1,1,1,1,1,1,1,1,1,2,1,1,1,1,0,1,1
4,4,4,4,4,4,4,0,3,3,3,3,0,5,3,5,0,5,2,3,3,3,1,0,3,3,3,3,3,3,3,3,1,3,3,4,3,3,3,3,3,3,3,3,3,3,3,3,3,2
1,5,5,1,4,4,5,2,0,0,0,0,0,3,0,4,4,1,5,1,1,5,0,0,1,1,0,1,1,0,2,0,0,0,0,0,0,0,0,0,0,0,0,0,0,1,0,2,0,0
3,1,0,4,4,0,1,1,2,2,3,0,3,2,1,1,0,2,5,4,4,5,4,3,4,2,4,4,4,4,0,4,4,4,4,4,4,4,4,4,4,4,4,4,4,4,2,4,4,4
0,0,2,0,0,3,1,4,2,3,0,1,4,2,0,2,3,5,4,0,4,3,0,5,5,3,0,0,0,0,0,0,0,0,0,0,4,0,0,3,4,0,0,0,0,0,0,0,0,0
5,4,2,1,1,5,5,3,0,2,0,5,5,5,0,5,4,1,5,0,5,0,5,2,5,2,5,2,5,5,5,5,5,5,5,5,4,5,5,5,5,5,5,5,5,5,5,5,5,2
0,1,1,5,5,5,5,5,5,5,5,5,5,5,5,1,5,5,5,5,5,5,5,5,5,5,5,5,5,3,5,5,5,5,0,5,5,5,5,3,5,5,5,5,5,5,5,1,5,5
4,1,1,1,1,1,2,1,1,2,2,5,2,2,3,1,0,5,5,2,4,1,4,3,2,2,1,1,1,1,1,1,1,1,1,0,1,1,1,1,1,1,1,1,1,1,1,1,1,1
4,2,0,5,3,3,3,3,3,3,3,3,3,3,3,3,3,0,3,3,3,3,3,4,0,0,3,3,3,3,3,3,3,3,3,3,5,3,3,3,3,1,3,3,3,3,3,3,3,3
2,2,1,1,5,4,5,5,4,5,5,2,2,4,2,4,3,0,0,0,4,3,1,1,3,5,5,5,5,5,5,5,5,0,5,5,5,5,5,5,5,5,5,5,5,5,5,5,5,5
5,5,2,2,2,2,2,2,2,2,5,5,4,4,5,5,4,4,1,2,5,3,5,0,2,2,2,2,2,2,2,2,2,2,2,2,2,2,2,2,2,2,2,2,0,2,2,2,2,2
3,3,3,3,3,3,3,5,0,3,3,5,1,5,3,1,1,2,2,0,2,4,3,3,3,3,3,3,2,3,3,3,3,3,3,0,3,3,3,3,3,3,3,3,3,3,3,3,3,3
1,5,5,5,5,5,5,2,4,3,0,2,2,5,0,2,1,1,5,2,0,2,4,0,2,2,2,2,2,2,2,1,3,2,2,2,2,2,2,3,2,2,2,2,2,2,2,2,2,2
3,5,5,5,5,5,4,5,3,2,4,0,1,4,0,2,0,4,3,2,3,0,4,3,0,3,3,3,3,3,3,3,3,3,3,3,3,3,3,3,4,3,3,3,3,3,3,3,3,3
4,4,5,4,5,2,0,3,5,1,0,0,5,4,0,3,2,3,1,5,0,1,4,4,1,2,0,0,0,4,0,0,0,0,0,0,0,0,0,0,0,0,0,0,0,0,0,0,0,2
1,4,4,4,4,4,4,4,4,3,4,4,0,2,5,4,2,4,3,4,3,4,1,4,5,2,4,4,4,4,4,4,1,4,4,4,4,4,4,4,4,4,4,3,4,4,4,4,4,0
1,4,4,4,2,1,5,5,1,5,3,3,2,0,4,2,2,4,3,2,0,2,2,5,1,1,2,2,2,2,2,2,2,2,2,2,2,2,2,2,2,2,2,3,2,5,2,2,3,2
1,1,1,1,1,1,2,5,4,5,1,4,1,4,3,5,1,0,2,4,3,5,5,3,0,3,1,1,1,3,1,1,1,1,1,1,1,1,1,1,1,3,1,1,1,1,1,1,1,1
3,1,4,0,4,4,2,4,4,4,4,4,2,2,2,5,2,5,2,1,0,2,0,1,3,3,4,4,4,4,4,4,4,4,4,5,4,4,4,4,2,4,4,4,1,4,4,4,4,4
2,2,5,1,1,1,2,4,4,5,4,4,0,0,0,0,1,1,1,5,1,1,0,4,3,3,1,4,1,1,2,1,1,1,1,1,1,4,1,1,1,1,1,4,3,1,1,1,1,1
2,3,5,1,1,1,1,1,3,4,5,1,4,4,3,1,3,1,3,3,5,2,3,2,5,5,1,1,1,1,1,1,1,1,1,1,1,1,1,1,1,1,1,1,1,5,1,1,1,1
4,4,1,5,5,5,5,5,5,3,5,0,4,0,4,5,3,5,1,4,0,2,4,1,1,4,5,5,5,5,5,5,5,1,5,5,5,5,5,1,5,5,5,5,5,5,5,5,5,5
2,4,3,0,5,5,0,1,5,2,3,3,3,3,3,3,2,1,4,4,4,4,5,2,1,3,3,3,3,3,3,3,3,3,3,3,3,3,3,3,3,3,3,3,5,3,3,3,3,3
5,5,5,5,1,2,4,1,2,2,1,1,1,1,4,3,4,5,4,3,4,2,3,3,2,3,1,1,1,1,1,1,1,1,1,1,1,1,1,1,5,1,4,1,1,1,1,1,1,3
1,1,1,1,1,5,1,1,1,1,5,1,1,1,1,4,1,1,1,1,1,1,4,4,4,3,1,1,1,1,1,0,1,1,1,1,1,1,1,1,1,1,1,1,1,1,1,1,2,1
5,5,5,1,1,1,3,0,4,3,4,4,4,2,1,0,0,0,0,0,0,2,0,0,0,0,0,0,0,0,0,0,0,0,4,0,0,0,0,4,0,0,0,0,0,0,0,0,0,0
0,4,4,0,1,1,1,2,1,1,4,3,3,5,0,0,2,0,3,5,2,3,5,1,4,2,1,1,1,1,1,1,1,1,1,1,3,1,1,1,1,4,1,1,1,1,1,1,1,1
3,4,4,4,4,4,4,4,4,4,1,5,4,4,4,4,5,1,1,3,5,3,5,2,3,4,4,4,1,4,0,4,4,4,4,4,4,4,4,4,4,0,4,4,4,4,4,4,4,4
4,4,4,4,4,4,4,4,4,4,0,4,4,4,4,4,4,4,3,1,4,4,4,4,4,4,3,4,4,4,4,4,4,4,4,4,4,4,4,4,4,5,4,4,4,4,0,4,4,4
3,0,0,2,3,5,5,5,5,5,5,5,0,3,5,0,2,2,3,0,2,4,0,3,2,4,3,5,5,5,5,4,5,5,5,5,5,1,5,5,5,1,5,5,5,5,0,2,4,5
3,3,3,3,3,3,4,4,0,3,1,3,1,1,0,5,0,0,5,3,3,0,3,3,5,3,4,3,3,3,3,3,3,3,3,3,3,3,3,3,3,3,3,3,5,3,3,3,3,4
0,3,2,5,1,4,4,4,4,4,4,4,4,4,4,4,4,4,4,4,4,4,4,4,4,4,4,4,4,4,4,4,3,4,2,4,4,4,4,4,4,4,4,4,4,4,4,4,4,4
0,5,5,1,3,1,5,3,2,1,5,2,3,2,0,2,1,3,3,1,5,3,1,5,3,0,3,3,3,3,0,3,3,3,4,3,3,3,3,3,2,3,3,3,3,3,3,3,5,3
5,1,5,2,4,2,3,3,3,5,4,1,5,2,0,3,2,3,0,3,3,4,0,3,3,3,3,3,3,3,3,3,3,3,3,4,3,3,3,3,3,3,3,3,3,3,3,3,0,3
4,0,3,2,2,2,2,2,2,5,1,0,0,0,2,1,5,0,3,4,3,4,4,3,4,0,2,2,2,2,2,2,2,2,2,2,2,2,2,2,2,2,2,2,2,2,2,2,2,2
3,1,5,5,5,5,5,5,3,0,4,5,0,0,1,1,3,5,3,4,3,5,0,3,0,3,5,5,2,5,5,5,5,5,5,5,5,5,5,5,5,5,5,3,5,5,5,5,5,5
1,3,5,5,4,5,5,5,0,1,0,0,0,0,5,5,0,4,1,3,1,4,2,4,0,4,0,0,0,0,0,0,0,0,0,0,0,0,0,0,0,0,0,0,0,0,0,0,0,2
4,4,0,5,5,5,0,2,3,4,5,0,1,1,0,3,2,1,5,3,4,3,1,0,5,2,5,5,5,5,1,4,5,5,5,5,5,5,5,2,5,5,5,5,5,5,3,5,5,5
2,2,5,4,5,5,1,1,4,2,2,4,4,2,0,1,0,2,2,1,2,5,3,2,1,2,2,2,2,2,2,2,2,2,2,4,2,2,2,1,2,2,2,2,2,2,3,2,2,4
2,0,0,0,0,4,5,2,5,0,3,4,3,1,3,4,0,5,2,2,2,0,3,5,2,0,0,0,0,0,0,0,0,0,0,0,0,0,0,1,0,0,0,3,0,0,1,0,0,0
1,1,3,0,3,0,4,4,2,4,4,4,4,4,3,4,4,2,4,4,4,4,4,3,4,4,4,4,4,0,5,4,4,4,4,4,4,4,4,4,4,4,4,4,4,4,4,4,4,4
5,5,2,5,2,4,1,0,4,2,4,5,5,5,4,0,2,2,4,3,0,5,5,2,2,2,1,2,2,2,2,2,4,2,2,2,2,2,2,2,2,2,2,2,2,2,1,2,2,3
0,0,0,0,0,5,5,0,3,1,1,1,3,0,4,5,0,3,4,3,3,0,2,0,2,3,0,0,0,0,0,0,0,0,0,0,0,0,0,0,0,0,4,0,0,0,0,0,0,0
2,3,5,5,2,4,4,4,4,5,1,5,1,4,0,3,2,3,3,5,2,0,2,4,5,5,5,5,5,5,5,5,5,5,5,5,5,5,5,5,5,5,5,5,5,1,5,5,5,1
1,1,0,0,2,1,4,3,5,5,5,5,5,3,5,5,5,3,0,1,4,4,5,0,0,1,5,5,5,5,5,5,5,5,5,5,5,5,5,5,5,5,5,2,5,3,5,0,5,4
1,1,1,1,1,1,1,1,4,1,1,1,1,4,2,0,1,0,1,2,3,3,0,3,0,5,1,2,1,4,1,1,1,4,1,3,1,1,1,1,1,1,1,1,1,1,1,1,1,1
5,5,2,2,2,5,3,3,5,3,4,1,4,4,3,2,0,5,0,4,4,5,3,4,5,2,5,5,5,5,5,5,5,5,5,4,5,5,5,5,5,5,5,5,1,5,5,5,5,5
5,0,0,3,2,2,5,4,0,4,4,5,4,1,3,5,2,1,2,2,2,2,2,2,2,2,2,2,2,1,2,2,2,2,2,2,2,2,2,2,2,2,2,2,2,2,2,1,2,2
2,2,2,4,5,5,5,5,5,5,5,5,5,4,5,5,5,5,5,5,0,4,4,0,3,0,5,5,5,5,5,5,5,5,3,5,5,5,5,5,5,5,5,5,5,5,5,4,5,1
2,2,2,3,1,1,1,0,3,3,3,4,2,0,0,1,5,2,2,2,0,2,3,4,4,4,2,2,2,2,2,2,2,2,2,2,2,0,3,2,2,3,5,2,2,2,2,2,2,2
4,4,1,5,5,5,5,5,5,5,5,5,5,0,5,5,1,4,3,0,2,2,5,5,3,5,5,5,5,5,5,5,5,5,5,5,5,1,5,3,5,5,5,5,5,4,5,5,5,5
5,4,3,1,5,1,1,2,5,5,3,3,2,2,4,1,3,3,4,5,4,0,4,4,4,4,4,4,4,4,4,4,4,4,4,4,4,4,1,1,4,2,4,4,4,4,4,4,4,4
3,3,3,3,3,5,3,3,3,4,3,3,3,3,3,3,2,3,3,3,4,3,3,2,3,3,3,3,3,3,3,3,3,3,3,3,3,3,3,3,5,3,3,2,3,3,3,3,3,3
2,1,3,1,3,3,3,3,3,3,3,3,5,3,3,3,3,4,3,3,3,3,3,3,3,3,3,3,3,3,3,3,3,3,0,3,3,3,3,3,3,3,3,3,3,3,3,3,3,3
1,1,5,5,5,5,5,5,5,5,5,5,5,5,5,5,5,3,3,5,0,4,2,0,1,1,5,5,5,5,5,5,5,5,5,5,5,5,5,5,1,5,5,5,5,5,5,5,5,5
0,0,0,0,0,2,5,3,4,5,2,3,2,2,2,2,2,2,2,2,2,2,2,2,2,2,1,2,2,2,2,1,2,2,2,2,2,5,2,2,2,2,2,2,2,2,4,2,2,2
5,5,5,5,5,4,5,5,5,5,5,5,5,2,3,4,1,1,0,3,1,3,3,2,4,1,5,5,5,5,5,5,5,5,5,4,4,5,5,5,0,5,2,5,5,5,5,5,5,5
5,4,3,1,1,1,4,4,1,4,4,1,4,4,0,1,3,5,3,3,2,4,3,1,2,5,4,4,4,4,4,4,4,4,4,4,4,4,4,4,4,4,4,4,4,4,4,4,1,4
0,5,5,4,1,1,5,2,2,3,5,1,1,2,5,2,2,5,1,5,1,0,4,2,1,4,1,1,1,1,1,1,1,1,1,1,1,1,1,1,1,1,1,1,1,1,1,1,1,1
3,3,3,3,4,4,0,3,1,1,4,4,5,0,0,0,3,4,5,5,4,0,4,1,3,5,3,3,3,3,3,3,3,3,3,3,3,3,3,3,3,3,3,5,3,3,3,3,4,3
3,5,0,0,0,0,0,0,1,4,2,3,1,5,2,0,1,3,5,0,2,2,4,4,5,1,2,0,0,5,0,0,0,0,0,0,0,0,0,0,0,0,0,0,0,0,0,0,0,0
0,0,5,0,0,0,0,0,0,0,0,0,0,0,0,0,0,0,0,0,0,0,0,1,5,0,0,0,0,0,0,0,0,0,0,0,0,0,1,0,0,0,0,0,0,0,0,2,0,0
0,0,0,0,0,0,0,0,2,0,0,0,2,3,3,2,2,2,5,1,3,2,3,1,3,1,0,0,0,0,0,0,2,0,0,3,0,0,4,0,0,0,0,0,0,0,2,0,2,0
4,4,4,4,3,1,1,5,3,5,1,1,1,1,1,1,1,1,2,3,4,4,4,3,1,1,1,4,1,1,1,5,1,1,1,1,3,1,1,1,1,1,1,1,1,1,1,1,1,1
4,2,1,0,0,4,5,5,0,2,2,4,4,0,1,4,1,0,3,3,5,2,2,2,0,0,0,0,0,0,0,0,0,0,0,0,0,0,0,3,0,0,0,4,0,0,0,0,0,0
3,3,3,3,3,3,3,3,3,1,3,3,3,3,4,3,3,3,3,3,3,3,3,3,3,3,3,3,3,3,3,3,3,3,3,3,3,3,3,3,3,3,3,3,3,3,3,3,3,3
1,1,3,3,3,3,4,0,4,1,3,5,0,5,3,0,4,2,0,5,4,4,4,4,4,1,4,4,4,4,4,4,4,4,4,4,4,4,4,5,4,4,4,4,4,4,4,4,1,4
2,2,2,2,2,2,2,3,2,2,2,2,2,2,2,3,2,2,2,0,2,4,2,2,2,2,2,2,2,2,2,2,2,2,2,2,2,2,2,5,2,2,2,2,2,2,2,2,2,2
0,3,1,1,1,1,1,1,1,1,1,1,1,1,1,1,4,0,1,1,1,1,1,1,1,4,1,1,1,1,1,1,1,5,2,1,1,1,2,1,1,1,1,1,1,1,1,1,1,1
2,5,2,5,5,5,5,5,5,5,1,5,4,1,2,5,3,3,5,3,5,3,4,4,1,2,1,5,0,5,5,5,3,5,5,5,5,5,5,5,5,5,5,5,5,5,5,5,5,1
5,5,2,2,3,1,3,3,3,0,3,3,3,4,5,4,0,5,0,1,5,4,1,4,4,4,4,3,3,3,3,3,3,3,3,4,3,3,3,3,3,3,3,3,3,3,0,4,3,3
5,5,5,5,5,5,5,5,5,5,5,5,5,5,1,5,5,0,1,3,5,3,0,3,3,0,5,5,5,0,5,5,5,5,5,5,5,5,5,5,5,5,5,5,0,5,5,5,5,5
1,1,1,1,1,1,1,1,1,1,1,1,1,1,1,1,1,4,1,1,1,1,1,1,1,1,3,1,4,1,1,3,1,1,1,1,1,1,5,1,1,1,1,1,1,1,2,1,1,1
2,1,1,1,1,2,2,0,2,4,4,4,3,5,3,4,1,1,0,1,1,1,4,0,2,0,1,0,5,1,1,1,1,1,1,1,5,1,1,2,1,1,1,1,1,1,1,1,1,1
0,3,3,3,3,3,3,3,3,3,3,3,3,3,3,3,3,3,2,3,3,4,3,0,0,5,3,3,5,3,3,3,3,3,2,3,3,3,0,3,3,3,3,3,3,3,5,3,3,3
3,3,1,3,2,3,5,2,5,5,5,5,5,5,5,5,4,2,4,4,4,3,4,2,4,4,5,5,5,5,5,5,5,5,5,5,5,5,5,5,5,5,5,5,5,5,5,5,2,5
5,3,3,1,4,4,1,1,5,3,1,4,1,4,5,0,1,5,1,2,3,3,0,5,2,3,1,1,1,1,1,1,1,1,1,4,1,1,1,1,1,1,1,4,1,2,1,1,1,1
0,0,1,1,1,2,1,1,1,1,1,1,1,1,1,1,1,1,1,1,1,1,1,1,1,1,1,1,1,0,1,1,1,1,1,1,1,1,1,1,1,1,1,1,1,4,1,1,1,1
2,3,3,3,3,4,4,3,4,3,1,1,5,0,0,1,2,2,0,1,4,4,3,3,3,2,3,3,3,3,3,3,3,3,3,3,3,3,3,3,3,3,3,3,2,3,3,3,3,3
4,0,0,2,3,5,5,0,1,1,1,1,1,1,3,0,1,1,1,0,0,0,3,3,3,2,1,1,1,1,4,1,1,1,1,1,1,1,1,1,1,1,1,3,1,0,1,5,1,0
2,4,0,5,5,5,5,5,5,0,5,5,5,0,2,2,1,1,2,4,1,0,4,0,2,0,5,5,4,5,5,5,5,5,5,5,5,5,5,5,5,5,5,5,5,5,5,5,5,5
3,0,1,2,2,1,0,4,4,5,5,5,5,5,4,1,2,1,4,4,5,4,2,4,3,5,4,4,4,4,4,4,5,4,4,4,4,4,4,4,4,4,4,4,4,4,4,0,4,4
4,4,4,4,4,1,5,4,5,3,3,5,2,5,2,1,3,5,4,2,4,5,2,5,1,4,4,4,4,4,4,4,4,4,4,4,4,4,4,4,4,4,4,4,4,4,2,4,4,4
3,1,1,0,1,1,1,1,1,1,5,1,1,1,1,1,1,1,1,1,1,1,1,0,1,1,1,1,1,1,1,1,1,1,1,1,1,1,1,3,1,1,1,1,4,1,1,1,1,5
1,1,1,1,1,1,1,1,1,3,4,2,3,1,4,0,5,3,4,2,0,2,5,2,3,4,1,1,1,1,0,1,1,1,1,1,1,1,1,4,1,1,1,1,1,1,1,1,1,1
5,2,3,3,3,0,3,3,3,3,3,3,3,3,3,3,3,3,3,2,3,3,0,0,4,5,3,3,3,3,3,3,3,3,3,3,3,3,3,3,3,3,0,3,3,3,3,3,5,4
4,4,3,3,3,3,3,3,4,3,4,5,1,4,4,5,4,5,4,1,2,5,5,1,2,0,4,4,4,4,4,4,4,4,4,4,4,4,4,4,4,4,4,1,0,4,4,4,4,4
2,2,1,4,1,0,0,0,0,1,1,1,2,0,1,0,4,3,3,5,2,3,1,3,0,1,2,1,1,1,1,0,1,1,2,1,1,1,1,1,1,1,1,1,1,1,1,1,1,1
5,5,5,5,4,4,3,4,5,0,1,3,0,0,0,0,5,0,0,0,0,0,3,0,0,0,0,0,0,0,0,0,0,0,0,0,0,0,0,1,0,1,0,4,0,0,5,0,0,0
1,2,2,5,4,4,4,1,3,5,5,5,2,2,3,3,0,1,5,1,3,0,0,0,0,0,0,0,0,0,0,0,0,0,0,0,3,0,0,0,0,0,0,0,0,2,0,0,0,0
4,3,1,2,5,0,0,0,0,0,0,0,0,0,0,0,0,0,5,3,5,4,0,2,1,5,0,0,0,0,0,0,0,0,0,0,2,0,0,0,0,0,0,0,2,0,0,0,3,0
4,1,1,1,1,1,1,1,1,1,2,5,1,1,5,2,0,3,3,1,2,0,1,1,1,1,1,1,1,1,1,1,1,1,1,0,1,1,1,1,1,1,1,1,1,1,1,1,1,1
5,4,3,3,1,2,1,0,0,0,0,0,0,0,0,2,3,1,3,5,1,1,2,0,1,5,0,0,0,0,0,0,0,0,0,0,5,0,0,0,5,0,0,0,0,2,5,0,0,0
1,1,1,2,5,3,3,3,3,1,3,3,3,3,3,3,3,0,3,3,3,3,3,2,0,4,3,3,4,3,3,3,3,3,3,3,3,0,3,3,3,3,3,3,3,3,3,3,5,5
1,4,2,2,2,2,2,2,2,2,2,2,2,5,4,5,1,4,0,3,2,2,2,2,2,1,2,2,2,2,2,2,0,2,2,2,2,2,2,2,2,2,2,2,2,2,2,2,2,2
3,3,3,3,3,3,3,3,4,3,3,2,0,5,5,5,4,1,2,5,2,3,5,1,4,1,3,3,3,3,3,3,3,3,3,4,3,0,3,3,3,3,3,3,3,3,3,3,3,3
2,5,5,0,0,1,1,5,5,3,0,0,2,1,4,5,5,5,5,5,4,3,0,1,4,0,5,5,5,5,5,5,5,5,5,5,5,5,5,0,5,5,5,5,2,5,4,5,5,5
1,1,1,1,1,1,1,1,1,1,1,1,1,1,3,4,2,4,3,0,0,5,5,4,4,3,2,1,1,0,1,1,1,1,1,1,3,1,1,1,1,1,1,1,1,1,1,1,1,1
2,2,4,4,4,0,5,3,3,1,4,4,0,0,5,5,0,2,1,2,5,2,5,2,4,4,0,4,4,4,4,4,4,4,2,4,4,4,4,4,4,4,4,4,4,4,0,4,4,4
5,1,0,2,2,2,2,2,2,2,2,3,5,5,0,0,3,2,5,5,5,2,0,5,3,1,2,2,2,2,2,2,2,1,2,2,2,2,2,2,2,2,2,2,2,2,2,2,2,2
5,5,5,5,5,5,1,0,3,0,3,0,1,3,1,1,1,1,5,1,3,1,5,5,4,0,1,1,5,1,1,1,1,1,1,1,0,1,1,1,1,2,5,1,1,1,1,1,1,1
3,2,4,0,4,0,0,2,1,2,0,3,2,1,4,1,1,2,0,5,0,0,5,4,1,2,5,1,0,0,0,0,0,0,0,0,0,0,0,0,0,0,0,0,0,0,0,0,0,0
0,1,3,5,4,2,2,2,2,2,2,2,2,2,2,2,2,2,2,2,2,2,2,2,2,2,2,5,2,2,2,2,2,2,2,2,2,2,2,2,2,1,2,2,2,2,2,2,2,2
2,0,0,0,0,0,1,0,0,0,3,0,0,1,0,0,2,0,0,0,0,0,0,0,0,0,0,5,0,0,0,0,0,0,0,0,0,0,0,0,0,0,0,0,0,0,0,0,0,0
0,0,5,3,1,2,2,5,5,5,1,4,4,4,4,4,4,4,4,4,4,4,4,1,2,0,4,4,4,4,4,4,4,4,4,4,4,4,4,4,4,4,4,4,4,4,4,4,4,4
1,3,3,1,1,4,4,4,4,3,4,3,3,3,2,1,0,5,0,5,4,1,3,5,1,0,3,3,3,3,3,3,3,3,3,3,3,3,3,3,3,3,3,3,3,3,3,3,3,3
0,0,1,4,5,4,5,0,5,3,0,4,3,3,1,5,3,5,1,4,2,4,5,4,1,1,4,4,4,4,4,4,0,4,4,4,2,4,4,4,4,4,4,4,0,4,4,4,4,4
5,5,5,1,0,1,2,0,4,5,1,3,3,1,4,5,5,2,4,4,4,4,4,4,4,4,1,4,4,4,4,4,4,4,4,3,4,4,4,4,4,1,4,4,4,4,4,4,4,4
1,3,3,3,3,0,5,1,5,5,0,2,4,5,0,1,0,1,2,5,5,2,3,0,3,3,3,3,3,3,3,3,3,3,3,3,3,3,4,3,3,3,3,3,3,3,3,3,3,3
0,4,3,2,5,5,5,5,5,5,5,5,5,1,5,5,5,5,5,3,0,2,4,2,0,2,5,5,5,5,5,2,5,5,5,5,5,5,5,5,5,5,0,5,5,5,5,5,5,5
5,5,3,3,0,0,4,1,1,0,1,1,5,1,1,4,5,5,0,0,5,5,2,4,4,1,2,1,1,1,1,1,1,1,1,2,1,1,1,1,1,1,1,1,1,1,1,1,1,1
1,1,1,2,1,0,2,2,2,2,4,4,3,4,1,2,4,4,5,1,3,3,3,0,5,4,1,1,1,1,1,1,1,1,3,1,1,1,1,1,1,1,1,1,1,1,1,1,1,1
1,1,1,1,1,1,1,1,1,1,1,1,1,2,1,3,1,5,1,1,1,1,1,1,1,3,1,1,1,1,1,1,3,1,1,1,1,1,1,1,1,1,1,1,1,1,1,1,5,1
0,5,1,0,0,0,4,2,1,5,0,5,4,1,2,2,2,3,4,2,3,4,1,4,0,0,0,0,0,0,0,0,1,0,0,0,0,0,0,0,0,0,0,0,0,0,0,0,0,0
2,2,2,2,2,4,2,2,2,2,2,2,2,2,5,2,2,2,2,2,2,2,2,2,2,0,2,2,2,2,2,2,2,2,2,3,2,2,2,2,2,2,2,2,2,2,2,2,4,2
5,5,5,1,2,1,1,1,1,1,1,1,1,1,1,1,1,1,1,0,0,0,3,5,5,3,0,1,1,1,1,1,1,1,1,1,1,3,3,1,0,1,1,1,1,5,1,1,1,1
3,3,4,4,4,4,4,4,1,4,3,0,2,3,5,1,0,3,2,3,1,1,0,0,1,5,4,4,4,4,4,4,4,5,4,4,4,4,4,4,4,4,5,4,4,0,4,4,4,4
5,5,5,5,2,2,0,2,2,2,3,4,1,2,5,5,1,1,1,0,1,5,3,4,2,1,2,2,2,2,2,2,2,2,2,2,2,2,2,2,2,2,2,2,2,2,2,2,2,2
2,5,3,3,3,3,3,5,3,1,3,3,3,3,3,3,3,3,3,3,3,3,3,3,3,3,3,3,3,3,3,3,3,3,3,3,3,3,3,3,3,3,3,3,3,5,3,3,5,3
3,1,1,3,1,0,0,1,0,3,0,0,5,1,2,3,3,0,1,2,4,1,2,3,1,0,1,1,1,1,1,1,1,1,1,1,1,1,1,1,1,1,1,2,1,1,1,1,1,1
4,5,3,2,2,2,2,4,3,3,4,0,0,3,3,5,2,1,3,0,0,0,0,0,0,0,0,0,0,0,0,0,0,1,0,0,0,0,0,0,0,0,0,0,0,0,4,0,0,0
5,5,5,4,3,0,1,0,3,3,2,3,2,2,5,2,5,2,2,2,2,2,2,2,2,2,2,2,2,2,2,2,2,2,2,2,2,2,2,2,2,2,2,3,2,1,2,2,2,2
1,5,5,3,3,0,3,3,3,2,5,1,5,0,0,1,3,2,2,5,3,2,4,0,4,4,3,3,3,3,5,3,3,3,3,3,3,3,3,3,3,3,3,3,3,3,3,3,3,3
5,5,5,5,1,5,3,3,5,3,4,1,4,2,0,4,1,2,3,3,3,4,0,5,0,5,5,5,5,5,1,4,5,5,1,5,5,5,5,5,5,5,5,5,5,5,5,5,5,5
2,2,5,2,2,1,5,5,5,5,5,3,2,3,3,5,0,1,1,2,2,1,4,5,3,1,5,4,5,5,5,5,5,5,5,5,5,5,5,5,4,5,5,5,5,5,5,5,5,5
4,4,5,5,5,5,5,5,5,5,5,5,5,5,5,5,5,5,5,5,5,5,5,4,5,5,5,5,5,5,5,5,5,5,5,5,5,5,5,2,5,5,5,5,1,5,5,5,5,5
3,0,5,5,3,5,5,4,1,4,2,1,0,0,3,0,1,1,4,2,5,5,5,5,5,5,5,5,5,5,5,5,5,5,5,5,5,0,4,5,5,5,5,5,4,5,4,5,5,5
1,0,0,3,3,3,3,3,3,3,3,3,3,3,4,3,3,3,3,3,3,3,3,3,3,3,3,3,3,3,3,3,3,0,3,3,3,3,3,3,3,0,3,0,3,4,3,3,3,3
5,1,1,1,2,2,2,2,2,2,2,2,2,2,2,2,0,2,2,5,2,2,2,2,2,3,2,4,2,2,2,2,2,2,2,2,2,2,2,2,2,2,2,2,2,2,2,2,2,2
2,4,4,4,4,3,5,5,3,3,1,3,5,5,5,5,5,5,5,5,5,5,5,5,5,5,5,5,5,5,5,5,2,5,5,4,5,4,5,5,5,5,5,5,5,5,5,5,5,5
4,4,4,4,4,3,5,2,4,5,3,3,1,1,0,3,4,3,5,5,1,1,2,5,3,3,3,4,2,3,3,3,3,3,3,3,3,3,3,3,3,3,3,3,3,3,3,1,3,5
5,5,5,3,1,5,0,0,0,0,0,0,0,1,5,1,4,0,3,1,2,0,4,2,5,3,0,0,0,0,0,0,0,2,0,0,0,0,0,0,0,0,0,0,0,0,0,0,0,4
4,4,4,4,4,4,4,4,4,3,0,3,2,3,1,1,1,5,0,4,4,4,4,4,4,4,0,4,0,4,4,4,4,2,4,4,4,4,4,4,4,4,4,1,4,4,4,4,4,2
2,3,2,2,2,2,2,3,2,2,2,2,2,2,2,2,2,2,0,5,3,3,5,0,5,2,2,2,2,3,2,2,4,2,2,2,1,1,2,2,2,2,2,2,2,2,2,2,2,1
2,4,3,3,3,3,4,1,0,0,4,1,4,0,1,1,5,1,3,3,3,3,3,3,4,0,3,3,1,3,3,3,3,3,3,3,3,3,3,3,1,3,3,3,3,3,3,3,3,3
2,3,0,4,4,4,4,5,0,2,0,2,2,0,2,4,2,0,0,0,3,1,2,5,4,2,5,4,2,2,2,2,2,2,3,2,2,2,2,2,2,2,0,0,2,2,2,2,2,2
5,0,3,3,3,3,4,3,3,3,3,4,5,4,1,0,3,5,2,5,1,1,2,4,1,5,3,3,3,4,3,3,3,3,3,3,3,3,3,4,3,1,1,5,3,3,3,3,3,3
3,2,2,0,4,4,3,0,0,3,3,1,0,0,0,1,3,3,2,0,4,1,1,4,4,1,0,0,4,0,0,1,0,0,0,0,0,0,0,0,0,0,0,0,0,0,0,0,0,2
3,1,1,1,1,1,3,5,5,2,0,0,3,1,0,3,5,4,1,2,4,4,5,2,5,0,1,1,1,1,5,1,1,1,1,1,3,1,1,1,1,1,1,1,1,1,1,1,1,1
0,3,2,2,2,2,2,0,1,0,0,5,0,4,0,4,2,2,4,5,2,4,4,0,2,2,2,2,2,2,2,2,2,2,1,2,2,2,2,2,2,2,2,3,2,2,2,2,2,2
1,1,1,3,1,4,4,3,3,3,3,3,3,3,3,3,3,4,1,4,4,0,3,1,2,4,3,3,3,3,3,4,3,3,3,3,3,3,3,3,3,3,3,3,3,3,3,3,3,3
1,3,2,5,5,0,5,2,2,4,5,4,5,5,4,3,2,1,4,5,3,1,0,5,5,0,5,1,0,5,5,5,5,5,5,5,1,5,5,5,1,5,5,5,5,5,5,5,5,5
2,4,4,1,1,1,1,0,2,0,2,3,2,3,4,0,2,4,1,4,3,0,5,5,0,0,0,0,0,0,0,0,0,0,0,0,0,0,2,1,0,0,0,5,0,1,0,0,5,0
4,4,5,4,4,4,4,4,0,0,0,1,0,4,2,5,1,4,5,2,4,2,4,1,3,0,4,4,4,4,4,4,3,4,4,4,4,4,4,4,4,4,4,4,2,4,3,4,4,4
2,2,4,2,2,2,3,3,4,0,3,2,3,0,3,2,4,2,4,1,4,2,4,4,4,4,3,4,4,4,4,4,4,4,3,4,4,4,4,4,4,1,4,4,4,4,4,4,4,4
2,3,4,1,1,1,4,3,0,4,0,0,3,2,4,3,4,4,1,3,1,5,5,1,1,1,1,1,1,1,1,1,1,1,1,1,1,1,1,1,1,1,1,1,1,1,1,1,1,3
2,2,2,2,2,2,2,2,2,2,2,1,2,2,2,0,2,2,2,2,2,2,2,2,2,4,2,2,3,2,2,2,2,2,2,2,2,2,2,0,2,2,2,2,3,2,2,2,2,2
5,5,5,4,5,4,0,3,1,5,1,2,2,4,4,3,2,3,5,1,0,0,4,2,3,1,1,1,1,1,1,1,1,2,1,1,1,1,1,1,1,1,1,1,1,1,1,1,1,1
4,4,4,2,3,3,1,5,0,3,0,1,2,2,2,4,4,0,3,0,1,4,4,5,3,4,4,4,4,4,4,4,3,4,4,4,4,4,4,4,4,4,4,4,4,4,4,4,4,4
1,1,1,4,0,0,0,1,5,2,2,1,1,2,3,4,5,4,3,4,5,3,5,0,4,1,1,1,1,1,1,1,1,1,0,1,1,1,1,1,1,1,1,1,1,1,2,5,1,1
2,2,5,4,4,4,0,4,2,3,2,0,0,3,5,0,4,0,2,2,2,1,1,3,4,2,2,2,1,5,1,2,2,2,2,2,2,2,2,2,2,3,2,2,2,2,2,2,2,2
1,4,4,4,5,1,0,0,0,0,0,0,0,1,4,0,3,1,2,2,0,2,4,5,2,3,0,0,0,0,2,0,0,0,0,0,0,0,3,0,0,0,0,0,0,5,0,0,0,0
1,1,1,1,1,1,1,4,2,5,2,0,5,2,5,5,1,4,3,3,2,1,1,1,0,0,2,1,1,1,1,0,1,1,1,1,1,1,1,1,1,1,1,1,1,3,1,1,1,1
3,1,4,4,4,1,5,5,5,5,1,5,0,1,4,3,3,1,2,5,4,1,5,5,5,5,3,5,5,3,5,4,5,5,5,5,5,5,5,5,5,5,5,5,5,5,5,5,5,1
3,3,3,3,3,3,3,5,3,3,4,2,1,4,1,3,2,5,0,1,5,1,0,4,4,4,3,3,3,3,3,3,3,3,3,3,3,3,3,3,3,2,3,3,0,3,3,3,3,3
2,3,3,3,3,3,3,5,1,0,1,2,1,1,0,1,3,2,1,4,2,5,5,5,1,3,3,3,3,3,3,3,3,5,3,3,3,3,3,3,3,3,3,3,3,3,3,3,3,3
1,1,4,1,5,1,0,1,5,1,3,4,3,3,0,0,0,0,4,0,5,0,4,1,2,1,1,1,1,1,1,1,1,1,1,1,1,1,1,1,4,1,5,1,3,1,5,1,1,1
3,0,0,0,0,0,1,5,5,3,1,4,0,3,0,1,2,2,3,5,2,5,0,3,5,2,0,0,0,5,0,0,0,0,0,0,0,0,2,0,0,0,0,0,0,0,0,0,0,0
3,3,3,5,4,5,5,5,5,3,0,0,3,3,2,5,1,5,3,5,0,3,0,0,0,0,0,0,0,0,0,0,0,0,3,0,0,0,4,0,0,0,0,0,0,0,0,0,0,0
2,0,3,1,5,5,1,5,4,4,4,4,5,5,5,0,2,2,5,0,2,0,3,5,4,3,5,5,5,5,5,5,5,1,5,5,2,5,5,5,5,5,5,5,5,5,5,0,5,5
2,2,0,0,0,0,0,0,0,0,0,0,0,0,0,0,0,0,0,0,3,0,0,0,4,3,0,0,0,0,0,0,0,0,0,0,0,0,0,0,0,0,3,5,0,1,1,0,0,0
0,0,0,0,0,0,0,3,0,0,0,2,5,3,1,3,1,1,4,1,5,5,2,2,1,2,0,0,0,1,0,0,0,0,0,0,0,0,0,0,0,0,0,0,0,2,0,0,0,0
2,2,3,3,3,3,3,3,1,3,3,3,3,3,3,3,3,3,3,3,3,3,3,3,5,3,3,3,2,3,3,3,3,3,3,3,3,0,3,3,3,3,2,3,3,1,3,3,3,3
3,3,3,3,3,3,3,3,0,1,3,5,4,2,4,4,1,0,4,1,1,4,3,0,4,1,3,3,3,3,3,3,3,3,3,3,3,3,3,3,3,3,3,3,3,3,3,3,3,3
3,3,5,3,3,3,3,1,2,3,2,4,2,1,2,3,4,0,4,4,5,2,2,0,1,4,3,3,3,3,1,3,3,3,3,3,3,3,3,3,3,4,3,3,3,3,3,3,4,3
2,5,3,3,5,3,3,3,3,1,0,0,4,4,3,3,3,4,3,3,3,3,3,3,3,3,3,3,3,3,3,3,3,3,3,3,3,3,4,3,3,3,3,3,3,3,3,3,3,3
3,3,1,2,2,1,4,4,4,4,4,4,4,4,4,4,4,4,4,4,4,4,4,4,4,4,4,4,4,4,2,4,4,4,4,4,2,4,4,4,4,4,2,4,4,4,4,4,4,4
2,2,2,2,3,2,2,4,2,2,0,2,2,2,2,2,2,2,2,2,2,2,2,2,2,2,2,2,2,2,2,2,2,2,1,2,2,2,2,2,2,4,2,2,2,2,2,2,2,2
4,5,1,3,3,4,3,3,5,2,1,5,4,3,4,1,1,2,2,2,3,2,1,0,2,1,1,1,1,1,1,5,1,1,1,1,1,1,1,1,4,5,1,1,1,1,1,1,1,1
5,1,1,5,0,4,5,3,0,1,3,2,2,2,5,2,2,2,2,2,2,3,0,1,0,1,2,2,2,2,2,2,2,2,2,2,2,2,2,2,2,2,2,2,2,2,2,2,2,2
2,1,1,1,1,1,0,0,3,3,2,0,5,4,3,0,4,3,2,4,4,5,5,1,5,1,1,2,1,1,4,1,1,1,1,1,1,1,0,1,1,1,1,1,1,1,1,1,1,1
2,4,2,0,1,1,1,1,5,0,4,0,1,2,4,0,0,0,1,1,4,3,4,3,1,4,1,1,4,1,1,1,1,3,1,1,1,0,1,1,1,1,5,1,1,1,1,1,0,1
0,3,3,0,0,5,2,1,0,2,4,3,3,3,1,0,1,1,1,1,4,0,0,2,4,4,0,0,0,0,0,0,0,3,0,0,0,0,0,0,0,0,5,0,0,0,0,0,0,0
3,1,3,3,5,2,4,4,4,4,2,2,1,2,5,0,0,4,1,0,2,0,0,4,4,2,1,4,4,4,4,4,4,4,4,4,4,4,4,4,4,4,4,4,4,4,4,4,4,4
3,5,2,0,1,4,4,4,4,4,4,4,4,4,5,1,5,1,5,5,3,0,5,3,4,1,4,4,4,4,4,4,1,4,4,4,4,4,4,4,4,4,4,4,4,4,4,4,4,4
4,1,1,1,1,1,3,2,2,2,3,0,5,0,3,3,4,4,4,4,3,2,0,3,1,1,1,1,1,1,3,1,1,1,1,1,1,1,1,1,1,1,1,1,1,1,1,1,1,0
2,3,1,1,1,4,3,0,0,0,5,4,2,2,0,5,5,5,5,5,5,5,1,4,1,1,5,5,5,5,5,5,5,5,5,0,5,5,5,5,5,5,5,5,5,5,5,5,5,5
0,0,1,4,4,4,1,1,0,4,0,2,2,4,0,1,4,5,3,3,3,3,3,5,4,2,3,3,3,3,3,0,3,3,3,3,3,3,3,3,3,3,3,3,3,3,3,3,3,3
1,1,1,1,4,3,3,0,4,3,3,0,0,1,4,4,1,1,5,1,5,0,0,1,0,0,1,1,1,1,1,1,1,1,0,1,1,2,1,1,1,2,1,1,1,1,1,1,1,1
5,2,2,2,2,2,2,2,3,2,2,2,2,2,2,2,2,2,2,2,2,2,2,2,1,2,2,3,2,2,2,2,2,2,2,2,5,2,1,5,2,2,2,2,0,2,2,2,2,4
3,5,5,0,5,5,4,0,2,1,5,3,5,0,4,4,4,1,2,0,2,5,0,3,1,5,5,5,5,2,5,5,0,5,5,5,5,5,5,5,5,5,5,5,5,5,5,5,5,0
4,5,2,3,1,2,1,1,1,5,3,3,3,1,3,5,4,3,2,0,1,3,1,0,5,3,3,2,3,3,3,3,3,3,3,3,3,3,3,3,3,3,3,3,0,3,3,3,3,3
4,3,3,3,3,3,3,3,3,3,3,3,3,3,3,3,3,3,3,0,2,5,2,5,5,0,3,3,3,3,3,3,3,3,4,3,3,3,3,3,3,3,3,3,3,3,3,3,3,3
4,4,1,3,3,0,4,1,4,2,5,5,4,3,1,2,5,0,1,4,0,2,4,3,2,0,4,4,4,4,4,4,4,4,4,4,4,4,4,4,4,4,4,4,4,3,4,4,3,3
5,5,5,5,5,5,5,2,5,3,2,5,3,3,3,0,2,1,3,4,1,3,4,5,4,3,5,5,5,5,5,5,5,5,2,5,5,5,5,1,5,5,5,5,5,5,5,5,5,2
5,3,2,3,3,5,5,5,5,5,5,5,5,5,5,3,5,3,4,1,5,1,1,3,3,2,5,5,5,5,5,5,5,5,5,5,4,5,5,5,5,5,5,5,5,5,5,5,5,5
4,0,0,0,0,4,0,0,0,0,0,4,1,4,0,1,4,3,2,1,2,4,3,3,5,5,0,0,4,0,1,0,0,0,0,0,0,0,0,0,0,0,0,0,0,0,1,1,0,0
1,4,2,2,2,2,2,2,2,2,2,2,2,2,2,2,2,4,2,2,2,2,2,2,2,0,2,2,2,2,2,2,2,2,2,5,2,2,2,2,2,2,2,2,2,2,2,2,2,2
4,2,2,5,4,1,4,4,4,4,3,1,1,5,4,0,5,2,3,4,3,3,5,5,5,3,4,4,3,4,4,4,4,4,1,4,4,4,4,4,4,4,3,4,4,4,4,4,4,4
5,5,5,5,5,1,0,0,2,4,2,1,3,3,1,4,0,0,4,4,5,4,4,5,2,2,2,2,2,2,2,2,2,2,2,2,2,4,2,2,2,2,2,2,2,2,2,2,2,2
3,3,3,5,0,0,0,1,2,4,0,3,1,3,5,1,5,2,1,0,0,1,1,1,1,1,1,1,1,1,1,1,1,1,1,1,1,2,1,0,1,1,1,1,4,1,1,1,1,1
0,2,0,0,0,0,0,0,0,2,2,3,2,2,2,4,3,0,2,1,3,1,5,0,2,4,0,0,0,0,0,4,0,0,0,0,0,0,0,0,0,0,0,0,0,0,1,0,0,0
4,4,2,4,3,2,2,2,2,2,2,2,2,2,2,2,2,1,2,2,2,2,2,2,2,2,2,2,2,2,2,0,2,2,2,2,2,2,2,2,2,2,2,2,5,2,2,2,2,2
0,0,0,0,0,3,3,3,5,1,4,5,1,2,3,2,2,3,0,5,2,5,1,1,4,4,0,0,3,0,0,0,0,0,0,0,0,0,1,0,0,0,0,0,0,0,0,0,5,0
5,1,0,1,1,1,1,1,1,1,1,1,0,0,1,0,1,3,2,0,3,4,5,0,2,0,1,1,1,1,1,1,1,1,1,1,1,1,1,1,1,1,4,1,1,1,1,1,1,1
2,4,0,0,0,2,1,4,3,2,5,0,1,3,4,2,5,5,5,5,5,1,1,3,4,4,5,5,1,5,5,5,5,3,5,5,5,5,5,5,5,5,5,0,5,5,5,5,2,5
1,5,4,4,5,5,3,3,3,3,3,4,2,5,1,0,5,3,4,0,4,2,4,3,0,2,3,3,2,3,3,3,3,3,3,3,3,3,3,3,3,3,3,3,3,3,3,3,3,5
4,4,1,3,3,3,3,1,4,2,4,1,0,1,2,4,1,3,0,0,3,0,3,0,3,5,3,3,3,3,3,3,3,3,3,3,4,3,2,3,3,3,3,3,3,3,3,3,5,3
1,3,2,0,5,5,3,3,2,0,1,0,1,4,4,4,4,4,4,4,4,4,4,4,2,4,4,4,4,4,4,4,4,4,4,4,4,4,4,4,4,4,4,4,4,4,4,4,4,4
3,3,3,3,3,3,3,3,3,3,2,3,3,3,3,4,3,3,3,3,5,5,1,0,0,1,3,3,3,3,3,3,3,3,3,3,3,3,5,3,3,5,3,3,3,3,4,3,3,3
1,2,2,2,4,2,1,1,1,1,1,1,1,1,3,4,5,3,5,5,1,3,1,5,4,5,1,1,1,1,1,1,1,1,1,1,1,1,1,3,1,1,1,1,1,1,1,1,1,1
0,5,0,0,4,4,3,2,1,5,5,5,5,5,2,3,2,4,3,2,0,3,1,2,2,0,2,2,2,2,2,2,2,2,2,2,2,5,2,2,5,2,2,2,2,2,2,2,2,2
5,1,2,1,1,1,1,1,1,1,1,1,1,1,1,1,1,1,1,1,1,1,2,4,2,4,1,1,1,1,1,3,4,1,4,1,1,0,1,1,1,1,0,1,1,1,1,1,1,1
3,3,3,3,3,2,2,4,5,4,1,2,0,2,1,1,3,1,1,1,1,1,1,1,1,1,1,1,1,1,1,0,1,1,1,1,5,1,1,3,1,1,1,1,0,1,1,1,1,1
0,0,0,5,2,2,2,3,5,1,2,0,4,0,4,1,1,1,1,1,3,2,2,2,3,1,1,1,1,1,0,1,1,1,1,1,1,1,1,1,1,1,1,1,1,1,1,1,1,1
1,1,0,0,4,0,0,0,0,3,5,1,3,2,0,5,4,2,0,1,1,1,1,2,3,4,0,0,0,3,0,1,5,0,0,0,0,0,0,0,0,0,0,0,0,0,0,0,0,0
4,4,4,3,1,4,0,1,1,2,2,3,2,2,2,2,4,1,0,0,3,1,5,5,2,0,2,2,2,2,2,2,2,2,2,2,2,2,2,2,1,2,2,2,2,2,2,2,2,2
1,1,1,1,1,1,1,1,1,1,1,1,1,1,5,1,1,1,1,1,1,1,1,1,1,1,1,1,1,1,1,1,1,1,4,1,1,1,1,1,1,1,1,1,1,1,1,1,1,1
0,2,3,3,5,5,5,1,0,4,3,1,2,0,3,3,2,1,5,0,1,2,3,3,0,2,3,3,3,3,3,3,3,3,3,4,3,3,3,3,3,3,3,3,3,3,3,3,3,3
4,2,2,5,1,5,3,3,3,3,3,5,0,4,5,0,3,3,5,2,4,1,2,0,5,4,3,3,3,3,3,3,3,3,3,3,3,3,3,2,1,3,3,3,3,3,4,3,3,3
3,3,3,3,3,3,4,1,2,2,0,3,2,2,4,2,3,3,2,2,5,0,2,4,2,3,3,3,3,3,3,3,3,3,3,3,3,3,3,3,3,3,1,3,3,3,3,3,3,3
3,3,3,3,3,3,3,3,5,3,3,3,3,3,3,3,3,3,3,0,3,3,4,3,3,3,3,3,3,3,3,3,3,3,3,3,3,3,3,3,0,3,3,3,3,3,3,3,3,3
5,5,4,1,2,3,2,2,0,2,2,2,0,1,0,4,4,1,2,5,2,4,5,5,1,1,2,2,2,2,2,2,2,2,3,2,1,2,2,2,2,2,2,0,2,4,2,2,2,2